/*M!999999\- enable the sandbox mode */ 
-- MariaDB dump 10.19  Distrib 10.6.23-MariaDB, for debian-linux-gnu (aarch64)
--
-- Host: localhost    Database: espocrm
-- ------------------------------------------------------
-- Server version	10.6.23-MariaDB-ubu2204

/*!40101 SET @OLD_CHARACTER_SET_CLIENT=@@CHARACTER_SET_CLIENT */;
/*!40101 SET @OLD_CHARACTER_SET_RESULTS=@@CHARACTER_SET_RESULTS */;
/*!40101 SET @OLD_COLLATION_CONNECTION=@@COLLATION_CONNECTION */;
/*!40101 SET NAMES utf8mb4 */;
/*!40103 SET @OLD_TIME_ZONE=@@TIME_ZONE */;
/*!40103 SET TIME_ZONE='+00:00' */;
/*!40014 SET @OLD_UNIQUE_CHECKS=@@UNIQUE_CHECKS, UNIQUE_CHECKS=0 */;
/*!40014 SET @OLD_FOREIGN_KEY_CHECKS=@@FOREIGN_KEY_CHECKS, FOREIGN_KEY_CHECKS=0 */;
/*!40101 SET @OLD_SQL_MODE=@@SQL_MODE, SQL_MODE='NO_AUTO_VALUE_ON_ZERO' */;
/*!40111 SET @OLD_SQL_NOTES=@@SQL_NOTES, SQL_NOTES=0 */;

--
-- Table structure for table `account`
--

DROP TABLE IF EXISTS `account`;
/*!40101 SET @saved_cs_client     = @@character_set_client */;
/*!40101 SET character_set_client = utf8mb4 */;
CREATE TABLE `account` (
  `id` varchar(17) CHARACTER SET utf8mb4 COLLATE utf8mb4_unicode_ci NOT NULL,
  `name` varchar(249) CHARACTER SET utf8mb4 COLLATE utf8mb4_unicode_ci DEFAULT NULL,
  `deleted` tinyint(1) DEFAULT 0,
  `website` varchar(255) CHARACTER SET utf8mb4 COLLATE utf8mb4_unicode_ci DEFAULT NULL,
  `type` varchar(255) CHARACTER SET utf8mb4 COLLATE utf8mb4_unicode_ci DEFAULT NULL,
  `industry` varchar(255) CHARACTER SET utf8mb4 COLLATE utf8mb4_unicode_ci DEFAULT NULL,
  `sic_code` varchar(40) CHARACTER SET utf8mb4 COLLATE utf8mb4_unicode_ci DEFAULT NULL,
  `billing_address_street` varchar(255) CHARACTER SET utf8mb4 COLLATE utf8mb4_unicode_ci DEFAULT NULL,
  `billing_address_city` varchar(100) CHARACTER SET utf8mb4 COLLATE utf8mb4_unicode_ci DEFAULT NULL,
  `billing_address_state` varchar(100) CHARACTER SET utf8mb4 COLLATE utf8mb4_unicode_ci DEFAULT NULL,
  `billing_address_country` varchar(100) CHARACTER SET utf8mb4 COLLATE utf8mb4_unicode_ci DEFAULT NULL,
  `billing_address_postal_code` varchar(40) CHARACTER SET utf8mb4 COLLATE utf8mb4_unicode_ci DEFAULT NULL,
  `shipping_address_street` varchar(255) CHARACTER SET utf8mb4 COLLATE utf8mb4_unicode_ci DEFAULT NULL,
  `shipping_address_city` varchar(100) CHARACTER SET utf8mb4 COLLATE utf8mb4_unicode_ci DEFAULT NULL,
  `shipping_address_state` varchar(100) CHARACTER SET utf8mb4 COLLATE utf8mb4_unicode_ci DEFAULT NULL,
  `shipping_address_country` varchar(100) CHARACTER SET utf8mb4 COLLATE utf8mb4_unicode_ci DEFAULT NULL,
  `shipping_address_postal_code` varchar(40) CHARACTER SET utf8mb4 COLLATE utf8mb4_unicode_ci DEFAULT NULL,
  `description` mediumtext CHARACTER SET utf8mb4 COLLATE utf8mb4_unicode_ci DEFAULT NULL,
  `created_at` datetime DEFAULT NULL,
  `modified_at` datetime DEFAULT NULL,
  `stream_updated_at` datetime DEFAULT NULL,
  `campaign_id` varchar(17) CHARACTER SET utf8mb4 COLLATE utf8mb4_unicode_ci DEFAULT NULL,
  `created_by_id` varchar(17) CHARACTER SET utf8mb4 COLLATE utf8mb4_unicode_ci DEFAULT NULL,
  `modified_by_id` varchar(17) CHARACTER SET utf8mb4 COLLATE utf8mb4_unicode_ci DEFAULT NULL,
  `assigned_user_id` varchar(17) CHARACTER SET utf8mb4 COLLATE utf8mb4_unicode_ci DEFAULT NULL,
  `version_number` bigint(20) DEFAULT NULL,
  PRIMARY KEY (`id`),
  UNIQUE KEY `UNIQ_CREATED_AT_ID` (`created_at`,`id`),
  KEY `IDX_CREATED_AT` (`created_at`,`deleted`),
  KEY `IDX_NAME` (`name`,`deleted`),
  KEY `IDX_ASSIGNED_USER` (`assigned_user_id`,`deleted`),
  KEY `IDX_CAMPAIGN_ID` (`campaign_id`),
  KEY `IDX_CREATED_BY_ID` (`created_by_id`),
  KEY `IDX_MODIFIED_BY_ID` (`modified_by_id`),
  KEY `IDX_ASSIGNED_USER_ID` (`assigned_user_id`)
) ENGINE=InnoDB DEFAULT CHARSET=utf8mb3 COLLATE=utf8mb3_unicode_ci;
/*!40101 SET character_set_client = @saved_cs_client */;

--
-- Dumping data for table `account`
--

LOCK TABLES `account` WRITE;
/*!40000 ALTER TABLE `account` DISABLE KEYS */;
INSERT INTO `account` VALUES ('6910a0156d40c8696','ООО \"Петров и Ко\"',0,NULL,'Customer','Computer',NULL,NULL,'Москва',NULL,NULL,NULL,NULL,'Москва',NULL,NULL,NULL,NULL,'2025-11-09 14:07:17','2025-11-09 14:07:17','2025-11-09 14:30:20',NULL,'690e8c7de7e0ba20e',NULL,NULL,1),('6910a0620bb96aa2d','ИП \"Смирнова\"',0,NULL,'Customer','Computer',NULL,NULL,'Подольск',NULL,NULL,NULL,NULL,'Подольск',NULL,NULL,NULL,NULL,'2025-11-09 14:08:34','2025-11-09 14:08:34','2025-11-09 14:31:51',NULL,'690e8c7de7e0ba20e',NULL,NULL,1),('6910a08a9de10d160','ООО \"Пример\"',0,NULL,NULL,NULL,NULL,NULL,'Серпухов',NULL,NULL,NULL,NULL,'Серпухов',NULL,NULL,NULL,NULL,'2025-11-09 14:09:14','2025-11-09 14:09:14','2025-11-09 14:33:38',NULL,'690e8c7de7e0ba20e',NULL,NULL,1);
/*!40000 ALTER TABLE `account` ENABLE KEYS */;
UNLOCK TABLES;

--
-- Table structure for table `account_contact`
--

DROP TABLE IF EXISTS `account_contact`;
/*!40101 SET @saved_cs_client     = @@character_set_client */;
/*!40101 SET character_set_client = utf8mb4 */;
CREATE TABLE `account_contact` (
  `id` bigint(20) NOT NULL AUTO_INCREMENT,
  `account_id` varchar(17) CHARACTER SET utf8mb4 COLLATE utf8mb4_unicode_ci DEFAULT NULL,
  `contact_id` varchar(17) CHARACTER SET utf8mb4 COLLATE utf8mb4_unicode_ci DEFAULT NULL,
  `role` varchar(100) CHARACTER SET utf8mb4 COLLATE utf8mb4_unicode_ci DEFAULT NULL,
  `is_inactive` tinyint(1) DEFAULT 0,
  `deleted` tinyint(1) DEFAULT 0,
  PRIMARY KEY (`id`),
  UNIQUE KEY `UNIQ_ACCOUNT_ID_CONTACT_ID` (`account_id`,`contact_id`),
  KEY `IDX_ACCOUNT_ID` (`account_id`),
  KEY `IDX_CONTACT_ID` (`contact_id`)
) ENGINE=InnoDB AUTO_INCREMENT=4 DEFAULT CHARSET=utf8mb3 COLLATE=utf8mb3_unicode_ci;
/*!40101 SET character_set_client = @saved_cs_client */;

--
-- Dumping data for table `account_contact`
--

LOCK TABLES `account_contact` WRITE;
/*!40000 ALTER TABLE `account_contact` DISABLE KEYS */;
INSERT INTO `account_contact` VALUES (1,'6910a0156d40c8696','6910a39462c9be6cc',NULL,0,0),(2,'6910a0620bb96aa2d','6910a3f2a0bdd13a2',NULL,0,0),(3,'6910a08a9de10d160','6910a464c157b4c09',NULL,0,0);
/*!40000 ALTER TABLE `account_contact` ENABLE KEYS */;
UNLOCK TABLES;

--
-- Table structure for table `account_document`
--

DROP TABLE IF EXISTS `account_document`;
/*!40101 SET @saved_cs_client     = @@character_set_client */;
/*!40101 SET character_set_client = utf8mb4 */;
CREATE TABLE `account_document` (
  `id` bigint(20) NOT NULL AUTO_INCREMENT,
  `account_id` varchar(17) CHARACTER SET utf8mb4 COLLATE utf8mb4_unicode_ci DEFAULT NULL,
  `document_id` varchar(17) CHARACTER SET utf8mb4 COLLATE utf8mb4_unicode_ci DEFAULT NULL,
  `deleted` tinyint(1) DEFAULT 0,
  PRIMARY KEY (`id`),
  UNIQUE KEY `UNIQ_ACCOUNT_ID_DOCUMENT_ID` (`account_id`,`document_id`),
  KEY `IDX_ACCOUNT_ID` (`account_id`),
  KEY `IDX_DOCUMENT_ID` (`document_id`)
) ENGINE=InnoDB DEFAULT CHARSET=utf8mb3 COLLATE=utf8mb3_unicode_ci;
/*!40101 SET character_set_client = @saved_cs_client */;

--
-- Dumping data for table `account_document`
--

LOCK TABLES `account_document` WRITE;
/*!40000 ALTER TABLE `account_document` DISABLE KEYS */;
/*!40000 ALTER TABLE `account_document` ENABLE KEYS */;
UNLOCK TABLES;

--
-- Table structure for table `account_portal_user`
--

DROP TABLE IF EXISTS `account_portal_user`;
/*!40101 SET @saved_cs_client     = @@character_set_client */;
/*!40101 SET character_set_client = utf8mb4 */;
CREATE TABLE `account_portal_user` (
  `id` bigint(20) NOT NULL AUTO_INCREMENT,
  `user_id` varchar(17) CHARACTER SET utf8mb4 COLLATE utf8mb4_unicode_ci DEFAULT NULL,
  `account_id` varchar(17) CHARACTER SET utf8mb4 COLLATE utf8mb4_unicode_ci DEFAULT NULL,
  `deleted` tinyint(1) DEFAULT 0,
  PRIMARY KEY (`id`),
  UNIQUE KEY `UNIQ_USER_ID_ACCOUNT_ID` (`user_id`,`account_id`),
  KEY `IDX_USER_ID` (`user_id`),
  KEY `IDX_ACCOUNT_ID` (`account_id`)
) ENGINE=InnoDB DEFAULT CHARSET=utf8mb3 COLLATE=utf8mb3_unicode_ci;
/*!40101 SET character_set_client = @saved_cs_client */;

--
-- Dumping data for table `account_portal_user`
--

LOCK TABLES `account_portal_user` WRITE;
/*!40000 ALTER TABLE `account_portal_user` DISABLE KEYS */;
/*!40000 ALTER TABLE `account_portal_user` ENABLE KEYS */;
UNLOCK TABLES;

--
-- Table structure for table `account_target_list`
--

DROP TABLE IF EXISTS `account_target_list`;
/*!40101 SET @saved_cs_client     = @@character_set_client */;
/*!40101 SET character_set_client = utf8mb4 */;
CREATE TABLE `account_target_list` (
  `id` bigint(20) NOT NULL AUTO_INCREMENT,
  `account_id` varchar(17) CHARACTER SET utf8mb4 COLLATE utf8mb4_unicode_ci DEFAULT NULL,
  `target_list_id` varchar(17) CHARACTER SET utf8mb4 COLLATE utf8mb4_unicode_ci DEFAULT NULL,
  `opted_out` tinyint(1) DEFAULT 0,
  `deleted` tinyint(1) DEFAULT 0,
  PRIMARY KEY (`id`),
  UNIQUE KEY `UNIQ_ACCOUNT_ID_TARGET_LIST_ID` (`account_id`,`target_list_id`),
  KEY `IDX_ACCOUNT_ID` (`account_id`),
  KEY `IDX_TARGET_LIST_ID` (`target_list_id`)
) ENGINE=InnoDB DEFAULT CHARSET=utf8mb3 COLLATE=utf8mb3_unicode_ci;
/*!40101 SET character_set_client = @saved_cs_client */;

--
-- Dumping data for table `account_target_list`
--

LOCK TABLES `account_target_list` WRITE;
/*!40000 ALTER TABLE `account_target_list` DISABLE KEYS */;
/*!40000 ALTER TABLE `account_target_list` ENABLE KEYS */;
UNLOCK TABLES;

--
-- Table structure for table `action_history_record`
--

DROP TABLE IF EXISTS `action_history_record`;
/*!40101 SET @saved_cs_client     = @@character_set_client */;
/*!40101 SET character_set_client = utf8mb4 */;
CREATE TABLE `action_history_record` (
  `id` varchar(17) CHARACTER SET utf8mb4 COLLATE utf8mb4_unicode_ci NOT NULL,
  `deleted` tinyint(1) DEFAULT 0,
  `number` bigint(20) unsigned NOT NULL AUTO_INCREMENT,
  `target_type` varchar(100) CHARACTER SET utf8mb4 COLLATE utf8mb4_unicode_ci DEFAULT NULL,
  `data` mediumtext CHARACTER SET utf8mb4 COLLATE utf8mb4_unicode_ci DEFAULT NULL,
  `action` varchar(255) CHARACTER SET utf8mb4 COLLATE utf8mb4_unicode_ci DEFAULT NULL,
  `created_at` datetime DEFAULT NULL,
  `ip_address` varchar(39) CHARACTER SET utf8mb4 COLLATE utf8mb4_unicode_ci DEFAULT NULL,
  `target_id` varchar(17) CHARACTER SET utf8mb4 COLLATE utf8mb4_unicode_ci DEFAULT NULL,
  `user_id` varchar(17) CHARACTER SET utf8mb4 COLLATE utf8mb4_unicode_ci DEFAULT NULL,
  `auth_token_id` varchar(17) CHARACTER SET utf8mb4 COLLATE utf8mb4_unicode_ci DEFAULT NULL,
  `auth_log_record_id` varchar(17) CHARACTER SET utf8mb4 COLLATE utf8mb4_unicode_ci DEFAULT NULL,
  PRIMARY KEY (`id`),
  UNIQUE KEY `UNIQ_NUMBER` (`number`),
  KEY `IDX_TARGET` (`target_type`,`target_id`),
  KEY `IDX_USER_ID` (`user_id`),
  KEY `IDX_AUTH_TOKEN_ID` (`auth_token_id`),
  KEY `IDX_AUTH_LOG_RECORD_ID` (`auth_log_record_id`)
) ENGINE=InnoDB AUTO_INCREMENT=78 DEFAULT CHARSET=utf8mb3 COLLATE=utf8mb3_unicode_ci;
/*!40101 SET character_set_client = @saved_cs_client */;

--
-- Dumping data for table `action_history_record`
--

LOCK TABLES `action_history_record` WRITE;
/*!40000 ALTER TABLE `action_history_record` DISABLE KEYS */;
INSERT INTO `action_history_record` VALUES ('690e918fe2e635f98',0,1,'Role',NULL,'create','2025-11-08 00:40:47','192.168.65.1','690e918fde1809965','690e8c7de7e0ba20e','690e906c49edb6ff3','690e906c4a432a120'),('690e918ff0637c2dd',0,2,'Role',NULL,'read','2025-11-08 00:40:47','192.168.65.1','690e918fde1809965','690e8c7de7e0ba20e','690e906c49edb6ff3','690e906c4a432a120'),('690e92c9eb7a92430',0,3,'Role',NULL,'create','2025-11-08 00:46:01','192.168.65.1','690e92c9e98da3084','690e8c7de7e0ba20e','690e906c49edb6ff3','690e906c4a432a120'),('690e92ca074faa757',0,4,'Role',NULL,'read','2025-11-08 00:46:02','192.168.65.1','690e92c9e98da3084','690e8c7de7e0ba20e','690e906c49edb6ff3','690e906c4a432a120'),('690e94440f92d4b34',0,5,'Role',NULL,'create','2025-11-08 00:52:20','192.168.65.1','690e94440c5a6ef80','690e8c7de7e0ba20e','690e906c49edb6ff3','690e906c4a432a120'),('690e94441b4b65eb0',0,6,'Role',NULL,'read','2025-11-08 00:52:20','192.168.65.1','690e94440c5a6ef80','690e8c7de7e0ba20e','690e906c49edb6ff3','690e906c4a432a120'),('690e9447df6892b03',0,7,'Role',NULL,'read','2025-11-08 00:52:23','192.168.65.1','690e92c9e98da3084','690e8c7de7e0ba20e','690e906c49edb6ff3','690e906c4a432a120'),('690e944d9cbeae60e',0,8,'Role',NULL,'read','2025-11-08 00:52:29','192.168.65.1','690e92c9e98da3084','690e8c7de7e0ba20e','690e906c49edb6ff3','690e906c4a432a120'),('690e94555a3f54606',0,9,'Role',NULL,'update','2025-11-08 00:52:37','192.168.65.1','690e92c9e98da3084','690e8c7de7e0ba20e','690e906c49edb6ff3','690e906c4a432a120'),('690e94556553e14d4',0,10,'Role',NULL,'read','2025-11-08 00:52:37','192.168.65.1','690e92c9e98da3084','690e8c7de7e0ba20e','690e906c49edb6ff3','690e906c4a432a120'),('690e95b4f30301ea1',0,11,'Role',NULL,'create','2025-11-08 00:58:28','192.168.65.1','690e95b4f14f406d8','690e8c7de7e0ba20e','690e906c49edb6ff3','690e906c4a432a120'),('690e95b513fc51658',0,12,'Role',NULL,'read','2025-11-08 00:58:29','192.168.65.1','690e95b4f14f406d8','690e8c7de7e0ba20e','690e906c49edb6ff3','690e906c4a432a120'),('690e95fda707a38ab',0,13,'Team',NULL,'create','2025-11-08 00:59:41','192.168.65.1','690e95fda4ac390bf','690e8c7de7e0ba20e','690e906c49edb6ff3','690e906c4a432a120'),('690e95fdb051a8954',0,14,'Team',NULL,'read','2025-11-08 00:59:41','192.168.65.1','690e95fda4ac390bf','690e8c7de7e0ba20e','690e906c49edb6ff3','690e906c4a432a120'),('690e960476e366e93',0,15,'Team',NULL,'read','2025-11-08 00:59:48','192.168.65.1','690e95fda4ac390bf','690e8c7de7e0ba20e','690e906c49edb6ff3','690e906c4a432a120'),('690e964b5ea112b5c',0,16,'Team',NULL,'create','2025-11-08 01:00:59','192.168.65.1','690e964b5cf84e7c3','690e8c7de7e0ba20e','690e906c49edb6ff3','690e906c4a432a120'),('690e964b6373f8fb6',0,17,'Team',NULL,'read','2025-11-08 01:00:59','192.168.65.1','690e964b5cf84e7c3','690e8c7de7e0ba20e','690e906c49edb6ff3','690e906c4a432a120'),('690e9683e4725b459',0,18,'Team',NULL,'create','2025-11-08 01:01:55','192.168.65.1','690e9683e2d1f7685','690e8c7de7e0ba20e','690e906c49edb6ff3','690e906c4a432a120'),('690e9683ed049612a',0,19,'Team',NULL,'read','2025-11-08 01:01:55','192.168.65.1','690e9683e2d1f7685','690e8c7de7e0ba20e','690e906c49edb6ff3','690e906c4a432a120'),('690e96dd10364d904',0,20,'Team',NULL,'create','2025-11-08 01:03:25','192.168.65.1','690e96dd0e8ec4c83','690e8c7de7e0ba20e','690e906c49edb6ff3','690e906c4a432a120'),('690e96dd183df9ba3',0,21,'Team',NULL,'read','2025-11-08 01:03:25','192.168.65.1','690e96dd0e8ec4c83','690e8c7de7e0ba20e','690e906c49edb6ff3','690e906c4a432a120'),('691065e20a1587fff',0,22,'User',NULL,'read','2025-11-09 09:58:58','192.168.65.1','690e8c7de7e0ba20e','690e8c7de7e0ba20e','690e906c49edb6ff3','690e906c4a432a120'),('691066a267f0776b1',0,23,'User',NULL,'create','2025-11-09 10:02:10','192.168.65.1','691066a2644b61387','690e8c7de7e0ba20e','690e906c49edb6ff3','690e906c4a432a120'),('691066a272671a0fc',0,24,'User',NULL,'read','2025-11-09 10:02:10','192.168.65.1','691066a2644b61387','690e8c7de7e0ba20e','690e906c49edb6ff3','690e906c4a432a120'),('69106768f1b34f3fb',0,25,'User',NULL,'create','2025-11-09 10:05:28','192.168.65.1','69106768ee5b36116','690e8c7de7e0ba20e','690e906c49edb6ff3','690e906c4a432a120'),('691067690b3297660',0,26,'User',NULL,'read','2025-11-09 10:05:29','192.168.65.1','69106768ee5b36116','690e8c7de7e0ba20e','690e906c49edb6ff3','690e906c4a432a120'),('69109b03dc61ba646',0,27,'User',NULL,'read','2025-11-09 13:45:39','192.168.65.1','69106768ee5b36116','690e8c7de7e0ba20e','690e906c49edb6ff3','690e906c4a432a120'),('69109b08b3295652d',0,28,'User',NULL,'read','2025-11-09 13:45:44','192.168.65.1','69106768ee5b36116','690e8c7de7e0ba20e','690e906c49edb6ff3','690e906c4a432a120'),('69109b18eed479827',0,29,'User',NULL,'update','2025-11-09 13:46:00','192.168.65.1','69106768ee5b36116','690e8c7de7e0ba20e','690e906c49edb6ff3','690e906c4a432a120'),('69109b19036a33564',0,30,'User',NULL,'read','2025-11-09 13:46:01','192.168.65.1','69106768ee5b36116','690e8c7de7e0ba20e','690e906c49edb6ff3','690e906c4a432a120'),('69109d84be40aaf41',0,31,'User',NULL,'create','2025-11-09 13:56:20','192.168.65.1','69109d84ba6be07a2','690e8c7de7e0ba20e','690e906c49edb6ff3','690e906c4a432a120'),('69109d84d13eb10eb',0,32,'User',NULL,'read','2025-11-09 13:56:20','192.168.65.1','69109d84ba6be07a2','690e8c7de7e0ba20e','690e906c49edb6ff3','690e906c4a432a120'),('69109f13bde2fcb46',0,33,'User',NULL,'create','2025-11-09 14:02:59','192.168.65.1','69109f13baccf86a0','690e8c7de7e0ba20e','690e906c49edb6ff3','690e906c4a432a120'),('69109f13c9cc9304d',0,34,'User',NULL,'read','2025-11-09 14:02:59','192.168.65.1','69109f13baccf86a0','690e8c7de7e0ba20e','690e906c49edb6ff3','690e906c4a432a120'),('6910a015737bb3f54',0,35,'Account',NULL,'create','2025-11-09 14:07:17','192.168.65.1','6910a0156d40c8696','690e8c7de7e0ba20e','690e906c49edb6ff3','690e906c4a432a120'),('6910a0157eced224a',0,36,'Account',NULL,'read','2025-11-09 14:07:17','192.168.65.1','6910a0156d40c8696','690e8c7de7e0ba20e','690e906c49edb6ff3','690e906c4a432a120'),('6910a062101d68074',0,37,'Account',NULL,'create','2025-11-09 14:08:34','192.168.65.1','6910a0620bb96aa2d','690e8c7de7e0ba20e','690e906c49edb6ff3','690e906c4a432a120'),('6910a0621c93a3e47',0,38,'Account',NULL,'read','2025-11-09 14:08:34','192.168.65.1','6910a0620bb96aa2d','690e8c7de7e0ba20e','690e906c49edb6ff3','690e906c4a432a120'),('6910a08aa235793d3',0,39,'Account',NULL,'create','2025-11-09 14:09:14','192.168.65.1','6910a08a9de10d160','690e8c7de7e0ba20e','690e906c49edb6ff3','690e906c4a432a120'),('6910a08aaf537fa3e',0,40,'Account',NULL,'read','2025-11-09 14:09:14','192.168.65.1','6910a08a9de10d160','690e8c7de7e0ba20e','690e906c49edb6ff3','690e906c4a432a120'),('6910a39468dd063e7',0,41,'Contact',NULL,'create','2025-11-09 14:22:12','192.168.65.1','6910a39462c9be6cc','690e8c7de7e0ba20e','690e906c49edb6ff3','690e906c4a432a120'),('6910a39473792f5e7',0,42,'Contact',NULL,'read','2025-11-09 14:22:12','192.168.65.1','6910a39462c9be6cc','690e8c7de7e0ba20e','690e906c49edb6ff3','690e906c4a432a120'),('6910a39c5e21b8f7f',0,43,'Contact',NULL,'read','2025-11-09 14:22:20','192.168.65.1','6910a39462c9be6cc','690e8c7de7e0ba20e','690e906c49edb6ff3','690e906c4a432a120'),('6910a3b0aa778f2af',0,44,'Contact',NULL,'update','2025-11-09 14:22:40','192.168.65.1','6910a39462c9be6cc','690e8c7de7e0ba20e','690e906c49edb6ff3','690e906c4a432a120'),('6910a3f2a5de81ddd',0,45,'Contact',NULL,'create','2025-11-09 14:23:46','192.168.65.1','6910a3f2a0bdd13a2','690e8c7de7e0ba20e','690e906c49edb6ff3','690e906c4a432a120'),('6910a3f2acbd7cc32',0,46,'Contact',NULL,'read','2025-11-09 14:23:46','192.168.65.1','6910a3f2a0bdd13a2','690e8c7de7e0ba20e','690e906c49edb6ff3','690e906c4a432a120'),('6910a3ff73a913887',0,47,'Contact',NULL,'update','2025-11-09 14:23:59','192.168.65.1','6910a3f2a0bdd13a2','690e8c7de7e0ba20e','690e906c49edb6ff3','690e906c4a432a120'),('6910a464c6a16687f',0,48,'Contact',NULL,'create','2025-11-09 14:25:40','192.168.65.1','6910a464c157b4c09','690e8c7de7e0ba20e','690e906c49edb6ff3','690e906c4a432a120'),('6910a464cf08b2dae',0,49,'Contact',NULL,'read','2025-11-09 14:25:40','192.168.65.1','6910a464c157b4c09','690e8c7de7e0ba20e','690e906c49edb6ff3','690e906c4a432a120'),('6910a57c6e6ad03db',0,50,'Opportunity',NULL,'create','2025-11-09 14:30:20','192.168.65.1','6910a57c68a6ec318','690e8c7de7e0ba20e','690e906c49edb6ff3','690e906c4a432a120'),('6910a57c7940b6dba',0,51,'Opportunity',NULL,'read','2025-11-09 14:30:20','192.168.65.1','6910a57c68a6ec318','690e8c7de7e0ba20e','690e906c49edb6ff3','690e906c4a432a120'),('6910a5933cc5d6e9c',0,52,'Opportunity',NULL,'update','2025-11-09 14:30:43','192.168.65.1','6910a57c68a6ec318','690e8c7de7e0ba20e','690e906c49edb6ff3','690e906c4a432a120'),('6910a5d77d819e5d9',0,53,'Opportunity',NULL,'create','2025-11-09 14:31:51','192.168.65.1','6910a5d77a7e1a79c','690e8c7de7e0ba20e','690e906c49edb6ff3','690e906c4a432a120'),('6910a5d78806f2f2b',0,54,'Opportunity',NULL,'read','2025-11-09 14:31:51','192.168.65.1','6910a5d77a7e1a79c','690e8c7de7e0ba20e','690e906c49edb6ff3','690e906c4a432a120'),('6910a5fade4c4551a',0,55,'Opportunity',NULL,'update','2025-11-09 14:32:26','192.168.65.1','6910a5d77a7e1a79c','690e8c7de7e0ba20e','690e906c49edb6ff3','690e906c4a432a120'),('6910a64218b1e46f9',0,56,'Opportunity',NULL,'create','2025-11-09 14:33:38','192.168.65.1','6910a64215ecdda6e','690e8c7de7e0ba20e','690e906c49edb6ff3','690e906c4a432a120'),('6910a642216529e21',0,57,'Opportunity',NULL,'read','2025-11-09 14:33:38','192.168.65.1','6910a64215ecdda6e','690e8c7de7e0ba20e','690e906c49edb6ff3','690e906c4a432a120'),('6910a6acce212b16a',0,58,'Task',NULL,'create','2025-11-09 14:35:24','192.168.65.1','6910a6acc8e982fd8','690e8c7de7e0ba20e','690e906c49edb6ff3','690e906c4a432a120'),('6910a6ace1469c65e',0,59,'Task',NULL,'read','2025-11-09 14:35:24','192.168.65.1','6910a6acc8e982fd8','690e8c7de7e0ba20e','690e906c49edb6ff3','690e906c4a432a120'),('6910a6eedee8afbcb',0,60,'Task',NULL,'create','2025-11-09 14:36:30','192.168.65.1','6910a6eedb2e0be5c','690e8c7de7e0ba20e','690e906c49edb6ff3','690e906c4a432a120'),('6910a6eee7285647c',0,61,'Task',NULL,'read','2025-11-09 14:36:30','192.168.65.1','6910a6eedb2e0be5c','690e8c7de7e0ba20e','690e906c49edb6ff3','690e906c4a432a120'),('6910a7c57f103d19a',0,62,'Opportunity',NULL,'read','2025-11-09 14:40:05','192.168.65.1','6910a57c68a6ec318','690e8c7de7e0ba20e','6910a7ba12925a14a','6910a7ba12d31ed05'),('6910a7cedf055df8e',0,63,'Opportunity',NULL,'update','2025-11-09 14:40:14','192.168.65.1','6910a57c68a6ec318','690e8c7de7e0ba20e','6910a7ba12925a14a','6910a7ba12d31ed05'),('6910a7d5b274bbbb5',0,64,'Opportunity',NULL,'read','2025-11-09 14:40:21','192.168.65.1','6910a64215ecdda6e','690e8c7de7e0ba20e','6910a7ba12925a14a','6910a7ba12d31ed05'),('6910a7e1393382fc2',0,65,'Opportunity',NULL,'update','2025-11-09 14:40:33','192.168.65.1','6910a64215ecdda6e','690e8c7de7e0ba20e','6910a7ba12925a14a','6910a7ba12d31ed05'),('6910a7e6b1d6f4282',0,66,'Opportunity',NULL,'update','2025-11-09 14:40:38','192.168.65.1','6910a64215ecdda6e','690e8c7de7e0ba20e','6910a7ba12925a14a','6910a7ba12d31ed05'),('6910a7ef1e8daf27e',0,67,'Contact',NULL,'read','2025-11-09 14:40:47','192.168.65.1','6910a464c157b4c09','690e8c7de7e0ba20e','6910a7ba12925a14a','6910a7ba12d31ed05'),('6910a7f76220bb3fe',0,68,'Contact',NULL,'update','2025-11-09 14:40:55','192.168.65.1','6910a464c157b4c09','690e8c7de7e0ba20e','6910a7ba12925a14a','6910a7ba12d31ed05'),('6910a7fc3cad4e250',0,69,'Contact',NULL,'update','2025-11-09 14:41:00','192.168.65.1','6910a464c157b4c09','690e8c7de7e0ba20e','6910a7ba12925a14a','6910a7ba12d31ed05'),('6910a85b8d93b64e3',0,70,'Opportunity',NULL,'read','2025-11-09 14:42:35','192.168.65.1','6910a57c68a6ec318','690e8c7de7e0ba20e','6910a854a57879824','6910a854a5d07a581'),('6910a85fa710a3a29',0,71,'Contact',NULL,'read','2025-11-09 14:42:39','192.168.65.1','6910a464c157b4c09','690e8c7de7e0ba20e','6910a854a57879824','6910a854a5d07a581'),('6910a86cb142c50fb',0,72,'Contact',NULL,'read','2025-11-09 14:42:52','192.168.65.1','6910a39462c9be6cc','690e8c7de7e0ba20e','6910a854a57879824','6910a854a5d07a581'),('6910a8728340546a5',0,73,'Contact',NULL,'update','2025-11-09 14:42:58','192.168.65.1','6910a39462c9be6cc','690e8c7de7e0ba20e','6910a854a57879824','6910a854a5d07a581'),('6910a9ce7c9078e3a',0,74,'Contact',NULL,'read','2025-11-09 14:48:46','192.168.65.1','6910a39462c9be6cc','690e8c7de7e0ba20e','6910a854a57879824','6910a854a5d07a581'),('6910aa4f65d89b753',0,75,'Task',NULL,'read','2025-11-09 14:50:55','192.168.65.1','6910a6eedb2e0be5c','690e8c7de7e0ba20e','6910a854a57879824','6910a854a5d07a581'),('6910aab519b66c726',0,76,'Contact',NULL,'read','2025-11-09 14:52:37','192.168.65.1','6910a39462c9be6cc','690e8c7de7e0ba20e','6910a854a57879824','6910a854a5d07a581'),('6910aac9eed97ca07',0,77,'Contact',NULL,'read','2025-11-09 14:52:57','192.168.65.1','6910a3f2a0bdd13a2','690e8c7de7e0ba20e','6910a854a57879824','6910a854a5d07a581');
/*!40000 ALTER TABLE `action_history_record` ENABLE KEYS */;
UNLOCK TABLES;

--
-- Table structure for table `address_country`
--

DROP TABLE IF EXISTS `address_country`;
/*!40101 SET @saved_cs_client     = @@character_set_client */;
/*!40101 SET character_set_client = utf8mb4 */;
CREATE TABLE `address_country` (
  `id` varchar(17) CHARACTER SET utf8mb4 COLLATE utf8mb4_unicode_ci NOT NULL,
  `name` varchar(100) CHARACTER SET utf8mb4 COLLATE utf8mb4_unicode_ci DEFAULT NULL,
  `code` varchar(2) CHARACTER SET utf8mb4 COLLATE utf8mb4_unicode_ci DEFAULT NULL,
  `is_preferred` tinyint(1) NOT NULL DEFAULT 0,
  PRIMARY KEY (`id`),
  UNIQUE KEY `UNIQ_NAME` (`name`)
) ENGINE=InnoDB DEFAULT CHARSET=utf8mb3 COLLATE=utf8mb3_unicode_ci;
/*!40101 SET character_set_client = @saved_cs_client */;

--
-- Dumping data for table `address_country`
--

LOCK TABLES `address_country` WRITE;
/*!40000 ALTER TABLE `address_country` DISABLE KEYS */;
/*!40000 ALTER TABLE `address_country` ENABLE KEYS */;
UNLOCK TABLES;

--
-- Table structure for table `app_log_record`
--

DROP TABLE IF EXISTS `app_log_record`;
/*!40101 SET @saved_cs_client     = @@character_set_client */;
/*!40101 SET character_set_client = utf8mb4 */;
CREATE TABLE `app_log_record` (
  `id` varchar(17) CHARACTER SET utf8mb4 COLLATE utf8mb4_unicode_ci NOT NULL,
  `deleted` tinyint(1) DEFAULT 0,
  `number` bigint(20) unsigned NOT NULL AUTO_INCREMENT,
  `created_at` datetime DEFAULT NULL,
  `message` mediumtext CHARACTER SET utf8mb4 COLLATE utf8mb4_unicode_ci DEFAULT NULL,
  `level` varchar(9) CHARACTER SET utf8mb4 COLLATE utf8mb4_unicode_ci DEFAULT NULL,
  `code` int(11) DEFAULT NULL,
  `exception_class` varchar(512) CHARACTER SET utf8mb4 COLLATE utf8mb4_unicode_ci DEFAULT NULL,
  `file` varchar(512) CHARACTER SET utf8mb4 COLLATE utf8mb4_unicode_ci DEFAULT NULL,
  `line` int(11) DEFAULT NULL,
  `request_method` varchar(7) CHARACTER SET utf8mb4 COLLATE utf8mb4_unicode_ci DEFAULT NULL,
  `request_resource_path` varchar(255) CHARACTER SET utf8mb4 COLLATE utf8mb4_unicode_ci DEFAULT NULL,
  `request_url` varchar(512) CHARACTER SET utf8mb4 COLLATE utf8mb4_unicode_ci DEFAULT NULL,
  PRIMARY KEY (`id`),
  UNIQUE KEY `UNIQ_NUMBER` (`number`),
  KEY `IDX_LEVEL` (`level`)
) ENGINE=InnoDB DEFAULT CHARSET=utf8mb3 COLLATE=utf8mb3_unicode_ci;
/*!40101 SET character_set_client = @saved_cs_client */;

--
-- Dumping data for table `app_log_record`
--

LOCK TABLES `app_log_record` WRITE;
/*!40000 ALTER TABLE `app_log_record` DISABLE KEYS */;
/*!40000 ALTER TABLE `app_log_record` ENABLE KEYS */;
UNLOCK TABLES;

--
-- Table structure for table `app_secret`
--

DROP TABLE IF EXISTS `app_secret`;
/*!40101 SET @saved_cs_client     = @@character_set_client */;
/*!40101 SET character_set_client = utf8mb4 */;
CREATE TABLE `app_secret` (
  `id` varchar(17) CHARACTER SET utf8mb4 COLLATE utf8mb4_unicode_ci NOT NULL,
  `name` varchar(100) CHARACTER SET utf8mb4 COLLATE utf8mb4_unicode_ci DEFAULT NULL,
  `deleted` tinyint(1) DEFAULT 0,
  `value` mediumtext CHARACTER SET utf8mb4 COLLATE utf8mb4_unicode_ci DEFAULT NULL,
  `description` mediumtext CHARACTER SET utf8mb4 COLLATE utf8mb4_unicode_ci DEFAULT NULL,
  `created_at` datetime DEFAULT NULL,
  `modified_at` datetime DEFAULT NULL,
  `delete_id` varchar(17) CHARACTER SET utf8mb4 COLLATE utf8mb4_unicode_ci NOT NULL DEFAULT '0',
  `created_by_id` varchar(17) CHARACTER SET utf8mb4 COLLATE utf8mb4_unicode_ci DEFAULT NULL,
  `modified_by_id` varchar(17) CHARACTER SET utf8mb4 COLLATE utf8mb4_unicode_ci DEFAULT NULL,
  PRIMARY KEY (`id`),
  UNIQUE KEY `UNIQ_NAME_DELETE_ID` (`name`,`delete_id`),
  KEY `IDX_NAME` (`name`),
  KEY `IDX_CREATED_BY_ID` (`created_by_id`),
  KEY `IDX_MODIFIED_BY_ID` (`modified_by_id`)
) ENGINE=InnoDB DEFAULT CHARSET=utf8mb3 COLLATE=utf8mb3_unicode_ci;
/*!40101 SET character_set_client = @saved_cs_client */;

--
-- Dumping data for table `app_secret`
--

LOCK TABLES `app_secret` WRITE;
/*!40000 ALTER TABLE `app_secret` DISABLE KEYS */;
/*!40000 ALTER TABLE `app_secret` ENABLE KEYS */;
UNLOCK TABLES;

--
-- Table structure for table `array_value`
--

DROP TABLE IF EXISTS `array_value`;
/*!40101 SET @saved_cs_client     = @@character_set_client */;
/*!40101 SET character_set_client = utf8mb4 */;
CREATE TABLE `array_value` (
  `id` varchar(17) CHARACTER SET utf8mb4 COLLATE utf8mb4_unicode_ci NOT NULL,
  `deleted` tinyint(1) DEFAULT 0,
  `value` varchar(100) CHARACTER SET utf8mb4 COLLATE utf8mb4_unicode_ci DEFAULT NULL,
  `attribute` varchar(100) CHARACTER SET utf8mb4 COLLATE utf8mb4_unicode_ci DEFAULT NULL,
  `entity_id` varchar(17) CHARACTER SET utf8mb4 COLLATE utf8mb4_unicode_ci DEFAULT NULL,
  `entity_type` varchar(100) CHARACTER SET utf8mb4 COLLATE utf8mb4_unicode_ci DEFAULT NULL,
  PRIMARY KEY (`id`),
  KEY `IDX_ENTITY_TYPE_VALUE` (`entity_type`,`value`),
  KEY `IDX_ENTITY_VALUE` (`entity_type`,`entity_id`,`value`),
  KEY `IDX_ENTITY` (`entity_id`,`entity_type`)
) ENGINE=InnoDB DEFAULT CHARSET=utf8mb3 COLLATE=utf8mb3_unicode_ci;
/*!40101 SET character_set_client = @saved_cs_client */;

--
-- Dumping data for table `array_value`
--

LOCK TABLES `array_value` WRITE;
/*!40000 ALTER TABLE `array_value` DISABLE KEYS */;
INSERT INTO `array_value` VALUES ('690e95fda61edcc2f',0,'Системный администратор','positionList','690e95fda4ac390bf','Team'),('690e95fda6585fce9',0,'Технический специалист','positionList','690e95fda4ac390bf','Team'),('690e964b5df6aa5f2',0,'Маркетолог','positionList','690e964b5cf84e7c3','Team'),('690e964b5e13379cf',0,'Аналитик по маркетингу','positionList','690e964b5cf84e7c3','Team'),('690e9683e3c5e5ce6',0,'Менеджер по продажам','positionList','690e9683e2d1f7685','Team'),('690e96dd0f8ac5537',0,'Продавец-консультант','positionList','690e96dd0e8ec4c83','Team');
/*!40000 ALTER TABLE `array_value` ENABLE KEYS */;
UNLOCK TABLES;

--
-- Table structure for table `attachment`
--

DROP TABLE IF EXISTS `attachment`;
/*!40101 SET @saved_cs_client     = @@character_set_client */;
/*!40101 SET character_set_client = utf8mb4 */;
CREATE TABLE `attachment` (
  `id` varchar(17) CHARACTER SET utf8mb4 COLLATE utf8mb4_unicode_ci NOT NULL,
  `name` varchar(255) CHARACTER SET utf8mb4 COLLATE utf8mb4_unicode_ci DEFAULT NULL,
  `deleted` tinyint(1) DEFAULT 0,
  `type` varchar(100) CHARACTER SET utf8mb4 COLLATE utf8mb4_unicode_ci DEFAULT NULL,
  `size` bigint(20) DEFAULT NULL,
  `field` varchar(255) CHARACTER SET utf8mb4 COLLATE utf8mb4_unicode_ci DEFAULT NULL,
  `is_being_uploaded` tinyint(1) NOT NULL DEFAULT 0,
  `created_at` datetime DEFAULT NULL,
  `modified_at` datetime DEFAULT NULL,
  `role` varchar(36) CHARACTER SET utf8mb4 COLLATE utf8mb4_unicode_ci DEFAULT NULL,
  `storage` varchar(24) CHARACTER SET utf8mb4 COLLATE utf8mb4_unicode_ci DEFAULT NULL,
  `storage_file_path` varchar(260) CHARACTER SET utf8mb4 COLLATE utf8mb4_unicode_ci DEFAULT NULL,
  `global` tinyint(1) NOT NULL DEFAULT 0,
  `parent_id` varchar(17) CHARACTER SET utf8mb4 COLLATE utf8mb4_unicode_ci DEFAULT NULL,
  `parent_type` varchar(100) CHARACTER SET utf8mb4 COLLATE utf8mb4_unicode_ci DEFAULT NULL,
  `related_id` varchar(17) CHARACTER SET utf8mb4 COLLATE utf8mb4_unicode_ci DEFAULT NULL,
  `related_type` varchar(100) CHARACTER SET utf8mb4 COLLATE utf8mb4_unicode_ci DEFAULT NULL,
  `source_id` varchar(17) CHARACTER SET utf8mb4 COLLATE utf8mb4_unicode_ci DEFAULT NULL,
  `created_by_id` varchar(17) CHARACTER SET utf8mb4 COLLATE utf8mb4_unicode_ci DEFAULT NULL,
  PRIMARY KEY (`id`),
  KEY `IDX_PARENT` (`parent_type`,`parent_id`),
  KEY `IDX_RELATED` (`related_id`,`related_type`),
  KEY `IDX_SOURCE` (`source_id`),
  KEY `IDX_CREATED_BY_ID` (`created_by_id`)
) ENGINE=InnoDB DEFAULT CHARSET=utf8mb3 COLLATE=utf8mb3_unicode_ci;
/*!40101 SET character_set_client = @saved_cs_client */;

--
-- Dumping data for table `attachment`
--

LOCK TABLES `attachment` WRITE;
/*!40000 ALTER TABLE `attachment` DISABLE KEYS */;
/*!40000 ALTER TABLE `attachment` ENABLE KEYS */;
UNLOCK TABLES;

--
-- Table structure for table `auth_log_record`
--

DROP TABLE IF EXISTS `auth_log_record`;
/*!40101 SET @saved_cs_client     = @@character_set_client */;
/*!40101 SET character_set_client = utf8mb4 */;
CREATE TABLE `auth_log_record` (
  `id` varchar(17) CHARACTER SET utf8mb4 COLLATE utf8mb4_unicode_ci NOT NULL,
  `deleted` tinyint(1) DEFAULT 0,
  `username` varchar(100) CHARACTER SET utf8mb4 COLLATE utf8mb4_unicode_ci DEFAULT NULL,
  `ip_address` varchar(45) CHARACTER SET utf8mb4 COLLATE utf8mb4_unicode_ci DEFAULT NULL,
  `created_at` datetime DEFAULT NULL,
  `is_denied` tinyint(1) NOT NULL DEFAULT 0,
  `denial_reason` varchar(255) CHARACTER SET utf8mb4 COLLATE utf8mb4_unicode_ci DEFAULT NULL,
  `request_time` double DEFAULT NULL,
  `request_url` varchar(255) CHARACTER SET utf8mb4 COLLATE utf8mb4_unicode_ci DEFAULT NULL,
  `request_method` varchar(15) CHARACTER SET utf8mb4 COLLATE utf8mb4_unicode_ci DEFAULT NULL,
  `authentication_method` varchar(255) CHARACTER SET utf8mb4 COLLATE utf8mb4_unicode_ci DEFAULT NULL,
  `portal_id` varchar(17) CHARACTER SET utf8mb4 COLLATE utf8mb4_unicode_ci DEFAULT NULL,
  `user_id` varchar(17) CHARACTER SET utf8mb4 COLLATE utf8mb4_unicode_ci DEFAULT NULL,
  `auth_token_id` varchar(17) CHARACTER SET utf8mb4 COLLATE utf8mb4_unicode_ci DEFAULT NULL,
  PRIMARY KEY (`id`),
  KEY `IDX_IP_ADDRESS` (`ip_address`),
  KEY `IDX_IP_ADDRESS_REQUEST_TIME` (`ip_address`,`request_time`),
  KEY `IDX_REQUEST_TIME` (`request_time`),
  KEY `IDX_PORTAL_ID` (`portal_id`),
  KEY `IDX_USER_ID` (`user_id`),
  KEY `IDX_AUTH_TOKEN_ID` (`auth_token_id`)
) ENGINE=InnoDB DEFAULT CHARSET=utf8mb3 COLLATE=utf8mb3_unicode_ci;
/*!40101 SET character_set_client = @saved_cs_client */;

--
-- Dumping data for table `auth_log_record`
--

LOCK TABLES `auth_log_record` WRITE;
/*!40000 ALTER TABLE `auth_log_record` DISABLE KEYS */;
INSERT INTO `auth_log_record` VALUES ('690e8d3225d4f59f8',0,'admin','192.168.65.1','2025-11-08 00:22:10',0,NULL,1762561330.0492,'http://localhost/api/v1/App/user','GET','Espo',NULL,'690e8c7de7e0ba20e','690e8d32253867cfa'),('690e9043b0dd32479',0,'admin','192.168.65.1','2025-11-08 00:35:15',0,NULL,1762562115.6238,'http://localhost/api/v1/App/user','GET','Espo',NULL,'690e8c7de7e0ba20e','690e9043b02ecb3f7'),('690e906c4a432a120',0,'admin','192.168.65.1','2025-11-08 00:35:56',0,NULL,1762562156.207,'http://localhost/api/v1/App/user','GET','Espo',NULL,'690e8c7de7e0ba20e','690e906c49edb6ff3'),('6910a722de200dbc7',0,'sale_user','192.168.65.1','2025-11-09 14:37:22',0,NULL,1762699042.8101,'http://localhost/api/v1/App/user','GET','Espo',NULL,'69109f13baccf86a0','6910a722ddd879cf8'),('6910a7811b9c6fcff',0,'crm_admin','192.168.65.1','2025-11-09 14:38:57',0,NULL,1762699137.0075,'http://localhost/api/v1/App/user','GET','Espo',NULL,'691066a2644b61387','6910a7811b4bde623'),('6910a7a280c3a0b82',0,'manager_sales','192.168.65.1','2025-11-09 14:39:30',0,NULL,1762699170.4055,'http://localhost/api/v1/App/user','GET','Espo',NULL,'69106768ee5b36116','6910a7a280509f20f'),('6910a7ba12d31ed05',0,'admin','192.168.65.1','2025-11-09 14:39:54',0,NULL,1762699193.9773,'http://localhost/api/v1/App/user','GET','Espo',NULL,'690e8c7de7e0ba20e','6910a7ba12925a14a'),('6910a81249ed1c01a',0,'manager_sales','192.168.65.1','2025-11-09 14:41:22',0,NULL,1762699282.2117,'http://localhost/api/v1/App/user','GET','Espo',NULL,'69106768ee5b36116','6910a81249ba46692'),('6910a8290eb3f952d',0,'marketing_user','192.168.65.1','2025-11-09 14:41:45',0,NULL,1762699304.9477,'http://localhost/api/v1/App/user','GET','Espo',NULL,'69109d84ba6be07a2','6910a8290e4e6217f'),('6910a854a5d07a581',0,'admin','192.168.65.1','2025-11-09 14:42:28',0,NULL,1762699348.5821,'http://localhost/api/v1/App/user','GET','Espo',NULL,'690e8c7de7e0ba20e','6910a854a57879824');
/*!40000 ALTER TABLE `auth_log_record` ENABLE KEYS */;
UNLOCK TABLES;

--
-- Table structure for table `auth_token`
--

DROP TABLE IF EXISTS `auth_token`;
/*!40101 SET @saved_cs_client     = @@character_set_client */;
/*!40101 SET character_set_client = utf8mb4 */;
CREATE TABLE `auth_token` (
  `id` varchar(17) CHARACTER SET utf8mb4 COLLATE utf8mb4_unicode_ci NOT NULL,
  `deleted` tinyint(1) DEFAULT 0,
  `token` varchar(36) CHARACTER SET utf8mb4 COLLATE utf8mb4_unicode_ci DEFAULT NULL,
  `hash` varchar(150) CHARACTER SET utf8mb4 COLLATE utf8mb4_unicode_ci DEFAULT NULL,
  `secret` varchar(36) CHARACTER SET utf8mb4 COLLATE utf8mb4_unicode_ci DEFAULT NULL,
  `ip_address` varchar(45) CHARACTER SET utf8mb4 COLLATE utf8mb4_unicode_ci DEFAULT NULL,
  `is_active` tinyint(1) NOT NULL DEFAULT 1,
  `last_access` datetime DEFAULT NULL,
  `created_at` datetime DEFAULT NULL,
  `modified_at` datetime DEFAULT NULL,
  `user_id` varchar(17) CHARACTER SET utf8mb4 COLLATE utf8mb4_unicode_ci DEFAULT NULL,
  `portal_id` varchar(17) CHARACTER SET utf8mb4 COLLATE utf8mb4_unicode_ci DEFAULT NULL,
  PRIMARY KEY (`id`),
  KEY `IDX_TOKEN` (`token`,`deleted`),
  KEY `IDX_HASH` (`hash`),
  KEY `IDX_USER_ID` (`user_id`),
  KEY `IDX_PORTAL_ID` (`portal_id`)
) ENGINE=InnoDB DEFAULT CHARSET=utf8mb3 COLLATE=utf8mb3_unicode_ci;
/*!40101 SET character_set_client = @saved_cs_client */;

--
-- Dumping data for table `auth_token`
--

LOCK TABLES `auth_token` WRITE;
/*!40000 ALTER TABLE `auth_token` DISABLE KEYS */;
INSERT INTO `auth_token` VALUES ('690e8d32253867cfa',0,'79d83fa81a07b25b072bacf0107903d5','$2y$10$IEAv/6E5o1US57ahPZXeLOmGKNvoZ8xZbxGhAHp37W2pT..SKq./W','2a3d9e55751a97641b166acc0638a0f0','192.168.65.1',1,'2025-11-08 00:34:50','2025-11-08 00:22:10','2025-11-08 00:34:50','690e8c7de7e0ba20e',NULL),('690e9043b02ecb3f7',0,'8516fa1b71f968c9d9c0341ca61e5f95','$2y$10$IEAv/6E5o1US57ahPZXeLOmGKNvoZ8xZbxGhAHp37W2pT..SKq./W','03ebde28f1cd75862124ccf0448a2c90','192.168.65.1',1,'2025-11-08 00:35:32','2025-11-08 00:35:15','2025-11-08 00:35:32','690e8c7de7e0ba20e',NULL),('690e906c49edb6ff3',0,'6dc70d86f0d290dfeac8350dd1c4c9ed','$2y$10$IEAv/6E5o1US57ahPZXeLOmGKNvoZ8xZbxGhAHp37W2pT..SKq./W','1044d6954e3fc07abf0c47278818f6c8','192.168.65.1',0,'2025-11-09 14:37:19','2025-11-08 00:35:56','2025-11-09 14:37:19','690e8c7de7e0ba20e',NULL),('6910a722ddd879cf8',0,'aaeaae5f742ab3576ef968b67875d96f','$2y$10$vHHKXDKep88C8CIBepniRebF.DTgj7QrjGvXR5SYlsDIv6oToSz9q','cbbc8d878e8d8b67a484b149786b1bec','192.168.65.1',0,'2025-11-09 14:38:53','2025-11-09 14:37:22','2025-11-09 14:38:53','69109f13baccf86a0',NULL),('6910a7811b4bde623',0,'30e3062a8f1af003264b83354d8a7755','$2y$10$jbnjoH2iToWBDTOBDofPWOGI/LzTttXaS0/Nxh20wC3E9JDYLDVZq','c36af4df74b533e6f359767c82f1ff94','192.168.65.1',0,'2025-11-09 14:39:19','2025-11-09 14:38:57','2025-11-09 14:39:19','691066a2644b61387',NULL),('6910a7a280509f20f',0,'471c5e9cbd4de56ccfa66b444000c35d','$2y$10$h3wYHdXhi9JtyqhYAKok2uAMjTjAiwdbUSdMsp/ahs.ApQFA9XR7i','8494ec508226a8fb905aa1b8dc4cb64d','192.168.65.1',0,'2025-11-09 14:39:51','2025-11-09 14:39:30','2025-11-09 14:39:51','69106768ee5b36116',NULL),('6910a7ba12925a14a',0,'5fc4b765210263b11c9abf305961a34a','$2y$10$IEAv/6E5o1US57ahPZXeLOmGKNvoZ8xZbxGhAHp37W2pT..SKq./W','eedb9dab2a8732ea0c2d6a6c73205cea','192.168.65.1',0,'2025-11-09 14:41:19','2025-11-09 14:39:54','2025-11-09 14:41:19','690e8c7de7e0ba20e',NULL),('6910a81249ba46692',0,'3b9245e8ced702a3dd96951f79a3306c','$2y$10$h3wYHdXhi9JtyqhYAKok2uAMjTjAiwdbUSdMsp/ahs.ApQFA9XR7i','4c82ad221463e4503fb3e386553aa124','192.168.65.1',0,'2025-11-09 14:41:41','2025-11-09 14:41:22','2025-11-09 14:41:42','69106768ee5b36116',NULL),('6910a8290e4e6217f',0,'4a67e676d12e478a0cef1a15737b0a54','$2y$10$GgeCtscC.1Z.oBOKRKoYheObmVM7vRKV2jfowG.e2BiAsHEmiBGMq','e22f3fbda0a7cd2e7ceb7e348731c790','192.168.65.1',0,'2025-11-09 14:42:23','2025-11-09 14:41:45','2025-11-09 14:42:23','69109d84ba6be07a2',NULL),('6910a854a57879824',0,'600536c40f6bdb2069df403a89571773','$2y$10$IEAv/6E5o1US57ahPZXeLOmGKNvoZ8xZbxGhAHp37W2pT..SKq./W','9a23316fe1a7bfec0942b5a276d84e19','192.168.65.1',1,'2025-11-09 15:23:17','2025-11-09 14:42:28','2025-11-09 15:23:17','690e8c7de7e0ba20e',NULL);
/*!40000 ALTER TABLE `auth_token` ENABLE KEYS */;
UNLOCK TABLES;

--
-- Table structure for table `authentication_provider`
--

DROP TABLE IF EXISTS `authentication_provider`;
/*!40101 SET @saved_cs_client     = @@character_set_client */;
/*!40101 SET character_set_client = utf8mb4 */;
CREATE TABLE `authentication_provider` (
  `id` varchar(17) CHARACTER SET utf8mb4 COLLATE utf8mb4_unicode_ci NOT NULL,
  `name` varchar(255) CHARACTER SET utf8mb4 COLLATE utf8mb4_unicode_ci DEFAULT NULL,
  `deleted` tinyint(1) DEFAULT 0,
  `method` varchar(255) CHARACTER SET utf8mb4 COLLATE utf8mb4_unicode_ci DEFAULT NULL,
  `oidc_client_id` varchar(255) CHARACTER SET utf8mb4 COLLATE utf8mb4_unicode_ci DEFAULT NULL,
  `oidc_client_secret` varchar(255) CHARACTER SET utf8mb4 COLLATE utf8mb4_unicode_ci DEFAULT NULL,
  `oidc_authorization_endpoint` varchar(255) CHARACTER SET utf8mb4 COLLATE utf8mb4_unicode_ci DEFAULT NULL,
  `oidc_user_info_endpoint` varchar(255) CHARACTER SET utf8mb4 COLLATE utf8mb4_unicode_ci DEFAULT NULL,
  `oidc_token_endpoint` varchar(255) CHARACTER SET utf8mb4 COLLATE utf8mb4_unicode_ci DEFAULT NULL,
  `oidc_jwks_endpoint` varchar(255) CHARACTER SET utf8mb4 COLLATE utf8mb4_unicode_ci DEFAULT NULL,
  `oidc_jwt_signature_algorithm_list` mediumtext CHARACTER SET utf8mb4 COLLATE utf8mb4_unicode_ci DEFAULT '["RS256"]',
  `oidc_scopes` mediumtext CHARACTER SET utf8mb4 COLLATE utf8mb4_unicode_ci DEFAULT '["profile","email","phone"]',
  `oidc_create_user` tinyint(1) NOT NULL DEFAULT 0,
  `oidc_username_claim` varchar(255) CHARACTER SET utf8mb4 COLLATE utf8mb4_unicode_ci DEFAULT 'sub',
  `oidc_sync` tinyint(1) NOT NULL DEFAULT 0,
  `oidc_logout_url` varchar(255) CHARACTER SET utf8mb4 COLLATE utf8mb4_unicode_ci DEFAULT NULL,
  `oidc_authorization_prompt` varchar(14) CHARACTER SET utf8mb4 COLLATE utf8mb4_unicode_ci DEFAULT NULL,
  PRIMARY KEY (`id`)
) ENGINE=InnoDB DEFAULT CHARSET=utf8mb3 COLLATE=utf8mb3_unicode_ci;
/*!40101 SET character_set_client = @saved_cs_client */;

--
-- Dumping data for table `authentication_provider`
--

LOCK TABLES `authentication_provider` WRITE;
/*!40000 ALTER TABLE `authentication_provider` DISABLE KEYS */;
/*!40000 ALTER TABLE `authentication_provider` ENABLE KEYS */;
UNLOCK TABLES;

--
-- Table structure for table `autofollow`
--

DROP TABLE IF EXISTS `autofollow`;
/*!40101 SET @saved_cs_client     = @@character_set_client */;
/*!40101 SET character_set_client = utf8mb4 */;
CREATE TABLE `autofollow` (
  `id` int(11) NOT NULL AUTO_INCREMENT,
  `deleted` tinyint(1) DEFAULT 0,
  `entity_type` varchar(100) CHARACTER SET utf8mb4 COLLATE utf8mb4_unicode_ci DEFAULT NULL,
  `user_id` varchar(17) CHARACTER SET utf8mb4 COLLATE utf8mb4_unicode_ci DEFAULT NULL,
  PRIMARY KEY (`id`),
  KEY `IDX_ENTITY_TYPE` (`entity_type`),
  KEY `IDX_USER` (`user_id`)
) ENGINE=InnoDB DEFAULT CHARSET=utf8mb3 COLLATE=utf8mb3_unicode_ci;
/*!40101 SET character_set_client = @saved_cs_client */;

--
-- Dumping data for table `autofollow`
--

LOCK TABLES `autofollow` WRITE;
/*!40000 ALTER TABLE `autofollow` DISABLE KEYS */;
/*!40000 ALTER TABLE `autofollow` ENABLE KEYS */;
UNLOCK TABLES;

--
-- Table structure for table `call`
--

DROP TABLE IF EXISTS `call`;
/*!40101 SET @saved_cs_client     = @@character_set_client */;
/*!40101 SET character_set_client = utf8mb4 */;
CREATE TABLE `call` (
  `id` varchar(17) CHARACTER SET utf8mb4 COLLATE utf8mb4_unicode_ci NOT NULL,
  `name` varchar(255) CHARACTER SET utf8mb4 COLLATE utf8mb4_unicode_ci DEFAULT NULL,
  `deleted` tinyint(1) DEFAULT 0,
  `status` varchar(255) CHARACTER SET utf8mb4 COLLATE utf8mb4_unicode_ci DEFAULT 'Planned',
  `date_start` datetime DEFAULT NULL,
  `date_end` datetime DEFAULT NULL,
  `direction` varchar(255) CHARACTER SET utf8mb4 COLLATE utf8mb4_unicode_ci DEFAULT 'Outbound',
  `description` mediumtext CHARACTER SET utf8mb4 COLLATE utf8mb4_unicode_ci DEFAULT NULL,
  `uid` varchar(255) CHARACTER SET utf8mb4 COLLATE utf8mb4_unicode_ci DEFAULT NULL,
  `created_at` datetime DEFAULT NULL,
  `modified_at` datetime DEFAULT NULL,
  `parent_id` varchar(17) CHARACTER SET utf8mb4 COLLATE utf8mb4_unicode_ci DEFAULT NULL,
  `parent_type` varchar(100) CHARACTER SET utf8mb4 COLLATE utf8mb4_unicode_ci DEFAULT NULL,
  `account_id` varchar(17) CHARACTER SET utf8mb4 COLLATE utf8mb4_unicode_ci DEFAULT NULL,
  `created_by_id` varchar(17) CHARACTER SET utf8mb4 COLLATE utf8mb4_unicode_ci DEFAULT NULL,
  `modified_by_id` varchar(17) CHARACTER SET utf8mb4 COLLATE utf8mb4_unicode_ci DEFAULT NULL,
  `assigned_user_id` varchar(17) CHARACTER SET utf8mb4 COLLATE utf8mb4_unicode_ci DEFAULT NULL,
  PRIMARY KEY (`id`),
  KEY `IDX_DATE_START_STATUS` (`date_start`,`status`),
  KEY `IDX_DATE_START` (`date_start`,`deleted`),
  KEY `IDX_STATUS` (`status`,`deleted`),
  KEY `IDX_ASSIGNED_USER` (`assigned_user_id`,`deleted`),
  KEY `IDX_ASSIGNED_USER_STATUS` (`assigned_user_id`,`status`),
  KEY `IDX_UID` (`uid`),
  KEY `IDX_PARENT` (`parent_id`,`parent_type`),
  KEY `IDX_ACCOUNT_ID` (`account_id`),
  KEY `IDX_CREATED_BY_ID` (`created_by_id`),
  KEY `IDX_MODIFIED_BY_ID` (`modified_by_id`),
  KEY `IDX_ASSIGNED_USER_ID` (`assigned_user_id`)
) ENGINE=InnoDB DEFAULT CHARSET=utf8mb3 COLLATE=utf8mb3_unicode_ci;
/*!40101 SET character_set_client = @saved_cs_client */;

--
-- Dumping data for table `call`
--

LOCK TABLES `call` WRITE;
/*!40000 ALTER TABLE `call` DISABLE KEYS */;
/*!40000 ALTER TABLE `call` ENABLE KEYS */;
UNLOCK TABLES;

--
-- Table structure for table `call_contact`
--

DROP TABLE IF EXISTS `call_contact`;
/*!40101 SET @saved_cs_client     = @@character_set_client */;
/*!40101 SET character_set_client = utf8mb4 */;
CREATE TABLE `call_contact` (
  `id` bigint(20) NOT NULL AUTO_INCREMENT,
  `call_id` varchar(17) CHARACTER SET utf8mb4 COLLATE utf8mb4_unicode_ci DEFAULT NULL,
  `contact_id` varchar(17) CHARACTER SET utf8mb4 COLLATE utf8mb4_unicode_ci DEFAULT NULL,
  `status` varchar(36) CHARACTER SET utf8mb4 COLLATE utf8mb4_unicode_ci DEFAULT 'None',
  `deleted` tinyint(1) DEFAULT 0,
  PRIMARY KEY (`id`),
  UNIQUE KEY `UNIQ_CALL_ID_CONTACT_ID` (`call_id`,`contact_id`),
  KEY `IDX_CALL_ID` (`call_id`),
  KEY `IDX_CONTACT_ID` (`contact_id`)
) ENGINE=InnoDB DEFAULT CHARSET=utf8mb3 COLLATE=utf8mb3_unicode_ci;
/*!40101 SET character_set_client = @saved_cs_client */;

--
-- Dumping data for table `call_contact`
--

LOCK TABLES `call_contact` WRITE;
/*!40000 ALTER TABLE `call_contact` DISABLE KEYS */;
/*!40000 ALTER TABLE `call_contact` ENABLE KEYS */;
UNLOCK TABLES;

--
-- Table structure for table `call_lead`
--

DROP TABLE IF EXISTS `call_lead`;
/*!40101 SET @saved_cs_client     = @@character_set_client */;
/*!40101 SET character_set_client = utf8mb4 */;
CREATE TABLE `call_lead` (
  `id` bigint(20) NOT NULL AUTO_INCREMENT,
  `call_id` varchar(17) CHARACTER SET utf8mb4 COLLATE utf8mb4_unicode_ci DEFAULT NULL,
  `lead_id` varchar(17) CHARACTER SET utf8mb4 COLLATE utf8mb4_unicode_ci DEFAULT NULL,
  `status` varchar(36) CHARACTER SET utf8mb4 COLLATE utf8mb4_unicode_ci DEFAULT 'None',
  `deleted` tinyint(1) DEFAULT 0,
  PRIMARY KEY (`id`),
  UNIQUE KEY `UNIQ_CALL_ID_LEAD_ID` (`call_id`,`lead_id`),
  KEY `IDX_CALL_ID` (`call_id`),
  KEY `IDX_LEAD_ID` (`lead_id`)
) ENGINE=InnoDB DEFAULT CHARSET=utf8mb3 COLLATE=utf8mb3_unicode_ci;
/*!40101 SET character_set_client = @saved_cs_client */;

--
-- Dumping data for table `call_lead`
--

LOCK TABLES `call_lead` WRITE;
/*!40000 ALTER TABLE `call_lead` DISABLE KEYS */;
/*!40000 ALTER TABLE `call_lead` ENABLE KEYS */;
UNLOCK TABLES;

--
-- Table structure for table `call_user`
--

DROP TABLE IF EXISTS `call_user`;
/*!40101 SET @saved_cs_client     = @@character_set_client */;
/*!40101 SET character_set_client = utf8mb4 */;
CREATE TABLE `call_user` (
  `id` bigint(20) NOT NULL AUTO_INCREMENT,
  `user_id` varchar(17) CHARACTER SET utf8mb4 COLLATE utf8mb4_unicode_ci DEFAULT NULL,
  `call_id` varchar(17) CHARACTER SET utf8mb4 COLLATE utf8mb4_unicode_ci DEFAULT NULL,
  `status` varchar(36) CHARACTER SET utf8mb4 COLLATE utf8mb4_unicode_ci DEFAULT 'None',
  `deleted` tinyint(1) DEFAULT 0,
  PRIMARY KEY (`id`),
  UNIQUE KEY `UNIQ_USER_ID_CALL_ID` (`user_id`,`call_id`),
  KEY `IDX_USER_ID` (`user_id`),
  KEY `IDX_CALL_ID` (`call_id`)
) ENGINE=InnoDB DEFAULT CHARSET=utf8mb3 COLLATE=utf8mb3_unicode_ci;
/*!40101 SET character_set_client = @saved_cs_client */;

--
-- Dumping data for table `call_user`
--

LOCK TABLES `call_user` WRITE;
/*!40000 ALTER TABLE `call_user` DISABLE KEYS */;
/*!40000 ALTER TABLE `call_user` ENABLE KEYS */;
UNLOCK TABLES;

--
-- Table structure for table `campaign`
--

DROP TABLE IF EXISTS `campaign`;
/*!40101 SET @saved_cs_client     = @@character_set_client */;
/*!40101 SET character_set_client = utf8mb4 */;
CREATE TABLE `campaign` (
  `id` varchar(17) CHARACTER SET utf8mb4 COLLATE utf8mb4_unicode_ci NOT NULL,
  `name` varchar(255) CHARACTER SET utf8mb4 COLLATE utf8mb4_unicode_ci DEFAULT NULL,
  `deleted` tinyint(1) DEFAULT 0,
  `status` varchar(255) CHARACTER SET utf8mb4 COLLATE utf8mb4_unicode_ci DEFAULT 'Planning',
  `type` varchar(64) CHARACTER SET utf8mb4 COLLATE utf8mb4_unicode_ci DEFAULT 'Email',
  `start_date` date DEFAULT NULL,
  `end_date` date DEFAULT NULL,
  `description` mediumtext CHARACTER SET utf8mb4 COLLATE utf8mb4_unicode_ci DEFAULT NULL,
  `created_at` datetime DEFAULT NULL,
  `modified_at` datetime DEFAULT NULL,
  `budget` double DEFAULT NULL,
  `mail_merge_only_with_address` tinyint(1) NOT NULL DEFAULT 1,
  `budget_currency` varchar(3) CHARACTER SET utf8mb4 COLLATE utf8mb4_unicode_ci DEFAULT NULL,
  `created_by_id` varchar(17) CHARACTER SET utf8mb4 COLLATE utf8mb4_unicode_ci DEFAULT NULL,
  `modified_by_id` varchar(17) CHARACTER SET utf8mb4 COLLATE utf8mb4_unicode_ci DEFAULT NULL,
  `assigned_user_id` varchar(17) CHARACTER SET utf8mb4 COLLATE utf8mb4_unicode_ci DEFAULT NULL,
  `contacts_template_id` varchar(17) CHARACTER SET utf8mb4 COLLATE utf8mb4_unicode_ci DEFAULT NULL,
  `leads_template_id` varchar(17) CHARACTER SET utf8mb4 COLLATE utf8mb4_unicode_ci DEFAULT NULL,
  `accounts_template_id` varchar(17) CHARACTER SET utf8mb4 COLLATE utf8mb4_unicode_ci DEFAULT NULL,
  `users_template_id` varchar(17) CHARACTER SET utf8mb4 COLLATE utf8mb4_unicode_ci DEFAULT NULL,
  PRIMARY KEY (`id`),
  KEY `IDX_CREATED_AT` (`created_at`,`deleted`),
  KEY `IDX_CREATED_BY_ID` (`created_by_id`),
  KEY `IDX_MODIFIED_BY_ID` (`modified_by_id`),
  KEY `IDX_ASSIGNED_USER_ID` (`assigned_user_id`),
  KEY `IDX_CONTACTS_TEMPLATE_ID` (`contacts_template_id`),
  KEY `IDX_LEADS_TEMPLATE_ID` (`leads_template_id`),
  KEY `IDX_ACCOUNTS_TEMPLATE_ID` (`accounts_template_id`),
  KEY `IDX_USERS_TEMPLATE_ID` (`users_template_id`)
) ENGINE=InnoDB DEFAULT CHARSET=utf8mb3 COLLATE=utf8mb3_unicode_ci;
/*!40101 SET character_set_client = @saved_cs_client */;

--
-- Dumping data for table `campaign`
--

LOCK TABLES `campaign` WRITE;
/*!40000 ALTER TABLE `campaign` DISABLE KEYS */;
/*!40000 ALTER TABLE `campaign` ENABLE KEYS */;
UNLOCK TABLES;

--
-- Table structure for table `campaign_log_record`
--

DROP TABLE IF EXISTS `campaign_log_record`;
/*!40101 SET @saved_cs_client     = @@character_set_client */;
/*!40101 SET character_set_client = utf8mb4 */;
CREATE TABLE `campaign_log_record` (
  `id` varchar(17) CHARACTER SET utf8mb4 COLLATE utf8mb4_unicode_ci NOT NULL,
  `deleted` tinyint(1) DEFAULT 0,
  `action` varchar(50) CHARACTER SET utf8mb4 COLLATE utf8mb4_unicode_ci DEFAULT NULL,
  `action_date` datetime DEFAULT NULL,
  `data` mediumtext CHARACTER SET utf8mb4 COLLATE utf8mb4_unicode_ci DEFAULT NULL,
  `string_data` varchar(100) CHARACTER SET utf8mb4 COLLATE utf8mb4_unicode_ci DEFAULT NULL,
  `string_additional_data` varchar(100) CHARACTER SET utf8mb4 COLLATE utf8mb4_unicode_ci DEFAULT NULL,
  `application` varchar(36) CHARACTER SET utf8mb4 COLLATE utf8mb4_unicode_ci DEFAULT 'Espo',
  `created_at` datetime DEFAULT NULL,
  `is_test` tinyint(1) NOT NULL DEFAULT 0,
  `created_by_id` varchar(17) CHARACTER SET utf8mb4 COLLATE utf8mb4_unicode_ci DEFAULT NULL,
  `campaign_id` varchar(17) CHARACTER SET utf8mb4 COLLATE utf8mb4_unicode_ci DEFAULT NULL,
  `parent_id` varchar(17) CHARACTER SET utf8mb4 COLLATE utf8mb4_unicode_ci DEFAULT NULL,
  `parent_type` varchar(100) CHARACTER SET utf8mb4 COLLATE utf8mb4_unicode_ci DEFAULT NULL,
  `object_id` varchar(17) CHARACTER SET utf8mb4 COLLATE utf8mb4_unicode_ci DEFAULT NULL,
  `object_type` varchar(100) CHARACTER SET utf8mb4 COLLATE utf8mb4_unicode_ci DEFAULT NULL,
  `queue_item_id` varchar(17) CHARACTER SET utf8mb4 COLLATE utf8mb4_unicode_ci DEFAULT NULL,
  PRIMARY KEY (`id`),
  KEY `IDX_ACTION_DATE` (`action_date`,`deleted`),
  KEY `IDX_ACTION` (`action`,`deleted`),
  KEY `IDX_CREATED_BY_ID` (`created_by_id`),
  KEY `IDX_CAMPAIGN_ID` (`campaign_id`),
  KEY `IDX_PARENT` (`parent_id`,`parent_type`),
  KEY `IDX_OBJECT` (`object_id`,`object_type`),
  KEY `IDX_QUEUE_ITEM_ID` (`queue_item_id`)
) ENGINE=InnoDB DEFAULT CHARSET=utf8mb3 COLLATE=utf8mb3_unicode_ci;
/*!40101 SET character_set_client = @saved_cs_client */;

--
-- Dumping data for table `campaign_log_record`
--

LOCK TABLES `campaign_log_record` WRITE;
/*!40000 ALTER TABLE `campaign_log_record` DISABLE KEYS */;
/*!40000 ALTER TABLE `campaign_log_record` ENABLE KEYS */;
UNLOCK TABLES;

--
-- Table structure for table `campaign_target_list`
--

DROP TABLE IF EXISTS `campaign_target_list`;
/*!40101 SET @saved_cs_client     = @@character_set_client */;
/*!40101 SET character_set_client = utf8mb4 */;
CREATE TABLE `campaign_target_list` (
  `id` bigint(20) NOT NULL AUTO_INCREMENT,
  `campaign_id` varchar(17) CHARACTER SET utf8mb4 COLLATE utf8mb4_unicode_ci DEFAULT NULL,
  `target_list_id` varchar(17) CHARACTER SET utf8mb4 COLLATE utf8mb4_unicode_ci DEFAULT NULL,
  `deleted` tinyint(1) DEFAULT 0,
  PRIMARY KEY (`id`),
  UNIQUE KEY `UNIQ_CAMPAIGN_ID_TARGET_LIST_ID` (`campaign_id`,`target_list_id`),
  KEY `IDX_CAMPAIGN_ID` (`campaign_id`),
  KEY `IDX_TARGET_LIST_ID` (`target_list_id`)
) ENGINE=InnoDB DEFAULT CHARSET=utf8mb3 COLLATE=utf8mb3_unicode_ci;
/*!40101 SET character_set_client = @saved_cs_client */;

--
-- Dumping data for table `campaign_target_list`
--

LOCK TABLES `campaign_target_list` WRITE;
/*!40000 ALTER TABLE `campaign_target_list` DISABLE KEYS */;
/*!40000 ALTER TABLE `campaign_target_list` ENABLE KEYS */;
UNLOCK TABLES;

--
-- Table structure for table `campaign_target_list_excluding`
--

DROP TABLE IF EXISTS `campaign_target_list_excluding`;
/*!40101 SET @saved_cs_client     = @@character_set_client */;
/*!40101 SET character_set_client = utf8mb4 */;
CREATE TABLE `campaign_target_list_excluding` (
  `id` bigint(20) NOT NULL AUTO_INCREMENT,
  `campaign_id` varchar(17) CHARACTER SET utf8mb4 COLLATE utf8mb4_unicode_ci DEFAULT NULL,
  `target_list_id` varchar(17) CHARACTER SET utf8mb4 COLLATE utf8mb4_unicode_ci DEFAULT NULL,
  `deleted` tinyint(1) DEFAULT 0,
  PRIMARY KEY (`id`),
  UNIQUE KEY `UNIQ_CAMPAIGN_ID_TARGET_LIST_ID` (`campaign_id`,`target_list_id`),
  KEY `IDX_CAMPAIGN_ID` (`campaign_id`),
  KEY `IDX_TARGET_LIST_ID` (`target_list_id`)
) ENGINE=InnoDB DEFAULT CHARSET=utf8mb3 COLLATE=utf8mb3_unicode_ci;
/*!40101 SET character_set_client = @saved_cs_client */;

--
-- Dumping data for table `campaign_target_list_excluding`
--

LOCK TABLES `campaign_target_list_excluding` WRITE;
/*!40000 ALTER TABLE `campaign_target_list_excluding` DISABLE KEYS */;
/*!40000 ALTER TABLE `campaign_target_list_excluding` ENABLE KEYS */;
UNLOCK TABLES;

--
-- Table structure for table `campaign_tracking_url`
--

DROP TABLE IF EXISTS `campaign_tracking_url`;
/*!40101 SET @saved_cs_client     = @@character_set_client */;
/*!40101 SET character_set_client = utf8mb4 */;
CREATE TABLE `campaign_tracking_url` (
  `id` varchar(17) CHARACTER SET utf8mb4 COLLATE utf8mb4_unicode_ci NOT NULL,
  `name` varchar(255) CHARACTER SET utf8mb4 COLLATE utf8mb4_unicode_ci DEFAULT NULL,
  `deleted` tinyint(1) DEFAULT 0,
  `url` varchar(255) CHARACTER SET utf8mb4 COLLATE utf8mb4_unicode_ci DEFAULT NULL,
  `action` varchar(12) CHARACTER SET utf8mb4 COLLATE utf8mb4_unicode_ci DEFAULT 'Redirect',
  `message` mediumtext CHARACTER SET utf8mb4 COLLATE utf8mb4_unicode_ci DEFAULT NULL,
  `modified_at` datetime DEFAULT NULL,
  `created_at` datetime DEFAULT NULL,
  `campaign_id` varchar(17) CHARACTER SET utf8mb4 COLLATE utf8mb4_unicode_ci DEFAULT NULL,
  `modified_by_id` varchar(17) CHARACTER SET utf8mb4 COLLATE utf8mb4_unicode_ci DEFAULT NULL,
  `created_by_id` varchar(17) CHARACTER SET utf8mb4 COLLATE utf8mb4_unicode_ci DEFAULT NULL,
  PRIMARY KEY (`id`),
  KEY `IDX_CAMPAIGN_ID` (`campaign_id`),
  KEY `IDX_MODIFIED_BY_ID` (`modified_by_id`),
  KEY `IDX_CREATED_BY_ID` (`created_by_id`)
) ENGINE=InnoDB DEFAULT CHARSET=utf8mb3 COLLATE=utf8mb3_unicode_ci;
/*!40101 SET character_set_client = @saved_cs_client */;

--
-- Dumping data for table `campaign_tracking_url`
--

LOCK TABLES `campaign_tracking_url` WRITE;
/*!40000 ALTER TABLE `campaign_tracking_url` DISABLE KEYS */;
/*!40000 ALTER TABLE `campaign_tracking_url` ENABLE KEYS */;
UNLOCK TABLES;

--
-- Table structure for table `case`
--

DROP TABLE IF EXISTS `case`;
/*!40101 SET @saved_cs_client     = @@character_set_client */;
/*!40101 SET character_set_client = utf8mb4 */;
CREATE TABLE `case` (
  `id` varchar(17) CHARACTER SET utf8mb4 COLLATE utf8mb4_unicode_ci NOT NULL,
  `name` varchar(255) CHARACTER SET utf8mb4 COLLATE utf8mb4_unicode_ci DEFAULT NULL,
  `deleted` tinyint(1) DEFAULT 0,
  `number` int(10) unsigned NOT NULL AUTO_INCREMENT,
  `status` varchar(255) CHARACTER SET utf8mb4 COLLATE utf8mb4_unicode_ci DEFAULT 'New',
  `priority` varchar(255) CHARACTER SET utf8mb4 COLLATE utf8mb4_unicode_ci DEFAULT 'Normal',
  `type` varchar(255) CHARACTER SET utf8mb4 COLLATE utf8mb4_unicode_ci DEFAULT NULL,
  `description` mediumtext CHARACTER SET utf8mb4 COLLATE utf8mb4_unicode_ci DEFAULT NULL,
  `is_internal` tinyint(1) NOT NULL DEFAULT 0,
  `created_at` datetime DEFAULT NULL,
  `modified_at` datetime DEFAULT NULL,
  `stream_updated_at` datetime DEFAULT NULL,
  `account_id` varchar(17) CHARACTER SET utf8mb4 COLLATE utf8mb4_unicode_ci DEFAULT NULL,
  `lead_id` varchar(17) CHARACTER SET utf8mb4 COLLATE utf8mb4_unicode_ci DEFAULT NULL,
  `contact_id` varchar(17) CHARACTER SET utf8mb4 COLLATE utf8mb4_unicode_ci DEFAULT NULL,
  `inbound_email_id` varchar(17) CHARACTER SET utf8mb4 COLLATE utf8mb4_unicode_ci DEFAULT NULL,
  `created_by_id` varchar(17) CHARACTER SET utf8mb4 COLLATE utf8mb4_unicode_ci DEFAULT NULL,
  `modified_by_id` varchar(17) CHARACTER SET utf8mb4 COLLATE utf8mb4_unicode_ci DEFAULT NULL,
  `assigned_user_id` varchar(17) CHARACTER SET utf8mb4 COLLATE utf8mb4_unicode_ci DEFAULT NULL,
  `version_number` bigint(20) DEFAULT NULL,
  PRIMARY KEY (`id`),
  UNIQUE KEY `UNIQ_NUMBER` (`number`),
  KEY `IDX_STATUS` (`status`,`deleted`),
  KEY `IDX_ASSIGNED_USER` (`assigned_user_id`,`deleted`),
  KEY `IDX_ASSIGNED_USER_STATUS` (`assigned_user_id`,`status`),
  KEY `IDX_ACCOUNT_ID` (`account_id`),
  KEY `IDX_LEAD_ID` (`lead_id`),
  KEY `IDX_CONTACT_ID` (`contact_id`),
  KEY `IDX_INBOUND_EMAIL_ID` (`inbound_email_id`),
  KEY `IDX_CREATED_BY_ID` (`created_by_id`),
  KEY `IDX_MODIFIED_BY_ID` (`modified_by_id`),
  KEY `IDX_ASSIGNED_USER_ID` (`assigned_user_id`),
  FULLTEXT KEY `IDX_SYSTEM_FULL_TEXT_SEARCH` (`name`,`description`)
) ENGINE=InnoDB DEFAULT CHARSET=utf8mb3 COLLATE=utf8mb3_unicode_ci;
/*!40101 SET character_set_client = @saved_cs_client */;

--
-- Dumping data for table `case`
--

LOCK TABLES `case` WRITE;
/*!40000 ALTER TABLE `case` DISABLE KEYS */;
/*!40000 ALTER TABLE `case` ENABLE KEYS */;
UNLOCK TABLES;

--
-- Table structure for table `case_contact`
--

DROP TABLE IF EXISTS `case_contact`;
/*!40101 SET @saved_cs_client     = @@character_set_client */;
/*!40101 SET character_set_client = utf8mb4 */;
CREATE TABLE `case_contact` (
  `id` bigint(20) NOT NULL AUTO_INCREMENT,
  `case_id` varchar(17) CHARACTER SET utf8mb4 COLLATE utf8mb4_unicode_ci DEFAULT NULL,
  `contact_id` varchar(17) CHARACTER SET utf8mb4 COLLATE utf8mb4_unicode_ci DEFAULT NULL,
  `deleted` tinyint(1) DEFAULT 0,
  PRIMARY KEY (`id`),
  UNIQUE KEY `UNIQ_CASE_ID_CONTACT_ID` (`case_id`,`contact_id`),
  KEY `IDX_CASE_ID` (`case_id`),
  KEY `IDX_CONTACT_ID` (`contact_id`)
) ENGINE=InnoDB DEFAULT CHARSET=utf8mb3 COLLATE=utf8mb3_unicode_ci;
/*!40101 SET character_set_client = @saved_cs_client */;

--
-- Dumping data for table `case_contact`
--

LOCK TABLES `case_contact` WRITE;
/*!40000 ALTER TABLE `case_contact` DISABLE KEYS */;
/*!40000 ALTER TABLE `case_contact` ENABLE KEYS */;
UNLOCK TABLES;

--
-- Table structure for table `case_knowledge_base_article`
--

DROP TABLE IF EXISTS `case_knowledge_base_article`;
/*!40101 SET @saved_cs_client     = @@character_set_client */;
/*!40101 SET character_set_client = utf8mb4 */;
CREATE TABLE `case_knowledge_base_article` (
  `id` bigint(20) NOT NULL AUTO_INCREMENT,
  `case_id` varchar(17) CHARACTER SET utf8mb4 COLLATE utf8mb4_unicode_ci DEFAULT NULL,
  `knowledge_base_article_id` varchar(17) CHARACTER SET utf8mb4 COLLATE utf8mb4_unicode_ci DEFAULT NULL,
  `deleted` tinyint(1) DEFAULT 0,
  PRIMARY KEY (`id`),
  UNIQUE KEY `UNIQ_CASE_ID_KNOWLEDGE_BASE_ARTICLE_ID` (`case_id`,`knowledge_base_article_id`),
  KEY `IDX_CASE_ID` (`case_id`),
  KEY `IDX_KNOWLEDGE_BASE_ARTICLE_ID` (`knowledge_base_article_id`)
) ENGINE=InnoDB DEFAULT CHARSET=utf8mb3 COLLATE=utf8mb3_unicode_ci;
/*!40101 SET character_set_client = @saved_cs_client */;

--
-- Dumping data for table `case_knowledge_base_article`
--

LOCK TABLES `case_knowledge_base_article` WRITE;
/*!40000 ALTER TABLE `case_knowledge_base_article` DISABLE KEYS */;
/*!40000 ALTER TABLE `case_knowledge_base_article` ENABLE KEYS */;
UNLOCK TABLES;

--
-- Table structure for table `contact`
--

DROP TABLE IF EXISTS `contact`;
/*!40101 SET @saved_cs_client     = @@character_set_client */;
/*!40101 SET character_set_client = utf8mb4 */;
CREATE TABLE `contact` (
  `id` varchar(17) CHARACTER SET utf8mb4 COLLATE utf8mb4_unicode_ci NOT NULL,
  `deleted` tinyint(1) DEFAULT 0,
  `salutation_name` varchar(255) CHARACTER SET utf8mb4 COLLATE utf8mb4_unicode_ci DEFAULT NULL,
  `first_name` varchar(100) CHARACTER SET utf8mb4 COLLATE utf8mb4_unicode_ci DEFAULT NULL,
  `last_name` varchar(100) CHARACTER SET utf8mb4 COLLATE utf8mb4_unicode_ci DEFAULT NULL,
  `description` mediumtext CHARACTER SET utf8mb4 COLLATE utf8mb4_unicode_ci DEFAULT NULL,
  `do_not_call` tinyint(1) NOT NULL DEFAULT 0,
  `address_street` varchar(255) CHARACTER SET utf8mb4 COLLATE utf8mb4_unicode_ci DEFAULT NULL,
  `address_city` varchar(100) CHARACTER SET utf8mb4 COLLATE utf8mb4_unicode_ci DEFAULT NULL,
  `address_state` varchar(100) CHARACTER SET utf8mb4 COLLATE utf8mb4_unicode_ci DEFAULT NULL,
  `address_country` varchar(100) CHARACTER SET utf8mb4 COLLATE utf8mb4_unicode_ci DEFAULT NULL,
  `address_postal_code` varchar(40) CHARACTER SET utf8mb4 COLLATE utf8mb4_unicode_ci DEFAULT NULL,
  `created_at` datetime DEFAULT NULL,
  `modified_at` datetime DEFAULT NULL,
  `middle_name` varchar(100) CHARACTER SET utf8mb4 COLLATE utf8mb4_unicode_ci DEFAULT NULL,
  `stream_updated_at` datetime DEFAULT NULL,
  `account_id` varchar(17) CHARACTER SET utf8mb4 COLLATE utf8mb4_unicode_ci DEFAULT NULL,
  `campaign_id` varchar(17) CHARACTER SET utf8mb4 COLLATE utf8mb4_unicode_ci DEFAULT NULL,
  `created_by_id` varchar(17) CHARACTER SET utf8mb4 COLLATE utf8mb4_unicode_ci DEFAULT NULL,
  `modified_by_id` varchar(17) CHARACTER SET utf8mb4 COLLATE utf8mb4_unicode_ci DEFAULT NULL,
  `assigned_user_id` varchar(17) CHARACTER SET utf8mb4 COLLATE utf8mb4_unicode_ci DEFAULT NULL,
  PRIMARY KEY (`id`),
  UNIQUE KEY `UNIQ_CREATED_AT_ID` (`created_at`,`id`),
  KEY `IDX_CREATED_AT` (`created_at`,`deleted`),
  KEY `IDX_FIRST_NAME` (`first_name`,`deleted`),
  KEY `IDX_NAME` (`first_name`,`last_name`),
  KEY `IDX_ASSIGNED_USER` (`assigned_user_id`,`deleted`),
  KEY `IDX_ACCOUNT_ID` (`account_id`),
  KEY `IDX_CAMPAIGN_ID` (`campaign_id`),
  KEY `IDX_CREATED_BY_ID` (`created_by_id`),
  KEY `IDX_MODIFIED_BY_ID` (`modified_by_id`),
  KEY `IDX_ASSIGNED_USER_ID` (`assigned_user_id`)
) ENGINE=InnoDB DEFAULT CHARSET=utf8mb3 COLLATE=utf8mb3_unicode_ci;
/*!40101 SET character_set_client = @saved_cs_client */;

--
-- Dumping data for table `contact`
--

LOCK TABLES `contact` WRITE;
/*!40000 ALTER TABLE `contact` DISABLE KEYS */;
INSERT INTO `contact` VALUES ('6910a39462c9be6cc',0,NULL,'Павел','Петров','Новый клиент, рассматривает возможность покупки обслуживания оборудования.',0,NULL,'Москва',NULL,NULL,NULL,'2025-11-09 14:22:12','2025-11-09 14:42:58',NULL,'2025-11-09 14:22:40','6910a0156d40c8696',NULL,'690e8c7de7e0ba20e','690e8c7de7e0ba20e','69109f13baccf86a0'),('6910a3f2a0bdd13a2',0,NULL,'Мария','Смирнова','Постоянный клиент, интересуется услугами по обслуживанию оборудования.',0,NULL,'Подольск',NULL,NULL,NULL,'2025-11-09 14:23:46','2025-11-09 14:23:59',NULL,'2025-11-09 14:23:59','6910a0620bb96aa2d',NULL,'690e8c7de7e0ba20e','690e8c7de7e0ba20e','69106768ee5b36116'),('6910a464c157b4c09',0,NULL,'Иван','Иванов','Новый клиент, интересуется услугами',0,NULL,'Серпухов',NULL,NULL,NULL,'2025-11-09 14:25:40','2025-11-09 14:41:00',NULL,'2025-11-09 14:40:55','6910a08a9de10d160',NULL,'690e8c7de7e0ba20e','690e8c7de7e0ba20e','69106768ee5b36116');
/*!40000 ALTER TABLE `contact` ENABLE KEYS */;
UNLOCK TABLES;

--
-- Table structure for table `contact_document`
--

DROP TABLE IF EXISTS `contact_document`;
/*!40101 SET @saved_cs_client     = @@character_set_client */;
/*!40101 SET character_set_client = utf8mb4 */;
CREATE TABLE `contact_document` (
  `id` bigint(20) NOT NULL AUTO_INCREMENT,
  `contact_id` varchar(17) CHARACTER SET utf8mb4 COLLATE utf8mb4_unicode_ci DEFAULT NULL,
  `document_id` varchar(17) CHARACTER SET utf8mb4 COLLATE utf8mb4_unicode_ci DEFAULT NULL,
  `deleted` tinyint(1) DEFAULT 0,
  PRIMARY KEY (`id`),
  UNIQUE KEY `UNIQ_CONTACT_ID_DOCUMENT_ID` (`contact_id`,`document_id`),
  KEY `IDX_CONTACT_ID` (`contact_id`),
  KEY `IDX_DOCUMENT_ID` (`document_id`)
) ENGINE=InnoDB DEFAULT CHARSET=utf8mb3 COLLATE=utf8mb3_unicode_ci;
/*!40101 SET character_set_client = @saved_cs_client */;

--
-- Dumping data for table `contact_document`
--

LOCK TABLES `contact_document` WRITE;
/*!40000 ALTER TABLE `contact_document` DISABLE KEYS */;
/*!40000 ALTER TABLE `contact_document` ENABLE KEYS */;
UNLOCK TABLES;

--
-- Table structure for table `contact_meeting`
--

DROP TABLE IF EXISTS `contact_meeting`;
/*!40101 SET @saved_cs_client     = @@character_set_client */;
/*!40101 SET character_set_client = utf8mb4 */;
CREATE TABLE `contact_meeting` (
  `id` bigint(20) NOT NULL AUTO_INCREMENT,
  `contact_id` varchar(17) CHARACTER SET utf8mb4 COLLATE utf8mb4_unicode_ci DEFAULT NULL,
  `meeting_id` varchar(17) CHARACTER SET utf8mb4 COLLATE utf8mb4_unicode_ci DEFAULT NULL,
  `status` varchar(36) CHARACTER SET utf8mb4 COLLATE utf8mb4_unicode_ci DEFAULT 'None',
  `deleted` tinyint(1) DEFAULT 0,
  PRIMARY KEY (`id`),
  UNIQUE KEY `UNIQ_CONTACT_ID_MEETING_ID` (`contact_id`,`meeting_id`),
  KEY `IDX_CONTACT_ID` (`contact_id`),
  KEY `IDX_MEETING_ID` (`meeting_id`)
) ENGINE=InnoDB DEFAULT CHARSET=utf8mb3 COLLATE=utf8mb3_unicode_ci;
/*!40101 SET character_set_client = @saved_cs_client */;

--
-- Dumping data for table `contact_meeting`
--

LOCK TABLES `contact_meeting` WRITE;
/*!40000 ALTER TABLE `contact_meeting` DISABLE KEYS */;
/*!40000 ALTER TABLE `contact_meeting` ENABLE KEYS */;
UNLOCK TABLES;

--
-- Table structure for table `contact_opportunity`
--

DROP TABLE IF EXISTS `contact_opportunity`;
/*!40101 SET @saved_cs_client     = @@character_set_client */;
/*!40101 SET character_set_client = utf8mb4 */;
CREATE TABLE `contact_opportunity` (
  `id` bigint(20) NOT NULL AUTO_INCREMENT,
  `contact_id` varchar(17) CHARACTER SET utf8mb4 COLLATE utf8mb4_unicode_ci DEFAULT NULL,
  `opportunity_id` varchar(17) CHARACTER SET utf8mb4 COLLATE utf8mb4_unicode_ci DEFAULT NULL,
  `role` varchar(50) CHARACTER SET utf8mb4 COLLATE utf8mb4_unicode_ci DEFAULT NULL,
  `deleted` tinyint(1) DEFAULT 0,
  PRIMARY KEY (`id`),
  UNIQUE KEY `UNIQ_CONTACT_ID_OPPORTUNITY_ID` (`contact_id`,`opportunity_id`),
  KEY `IDX_CONTACT_ID` (`contact_id`),
  KEY `IDX_OPPORTUNITY_ID` (`opportunity_id`)
) ENGINE=InnoDB AUTO_INCREMENT=4 DEFAULT CHARSET=utf8mb3 COLLATE=utf8mb3_unicode_ci;
/*!40101 SET character_set_client = @saved_cs_client */;

--
-- Dumping data for table `contact_opportunity`
--

LOCK TABLES `contact_opportunity` WRITE;
/*!40000 ALTER TABLE `contact_opportunity` DISABLE KEYS */;
INSERT INTO `contact_opportunity` VALUES (1,'6910a39462c9be6cc','6910a57c68a6ec318',NULL,0),(2,'6910a3f2a0bdd13a2','6910a5d77a7e1a79c',NULL,0),(3,'6910a464c157b4c09','6910a64215ecdda6e',NULL,0);
/*!40000 ALTER TABLE `contact_opportunity` ENABLE KEYS */;
UNLOCK TABLES;

--
-- Table structure for table `contact_target_list`
--

DROP TABLE IF EXISTS `contact_target_list`;
/*!40101 SET @saved_cs_client     = @@character_set_client */;
/*!40101 SET character_set_client = utf8mb4 */;
CREATE TABLE `contact_target_list` (
  `id` bigint(20) NOT NULL AUTO_INCREMENT,
  `contact_id` varchar(17) CHARACTER SET utf8mb4 COLLATE utf8mb4_unicode_ci DEFAULT NULL,
  `target_list_id` varchar(17) CHARACTER SET utf8mb4 COLLATE utf8mb4_unicode_ci DEFAULT NULL,
  `opted_out` tinyint(1) DEFAULT 0,
  `deleted` tinyint(1) DEFAULT 0,
  PRIMARY KEY (`id`),
  UNIQUE KEY `UNIQ_CONTACT_ID_TARGET_LIST_ID` (`contact_id`,`target_list_id`),
  KEY `IDX_CONTACT_ID` (`contact_id`),
  KEY `IDX_TARGET_LIST_ID` (`target_list_id`)
) ENGINE=InnoDB DEFAULT CHARSET=utf8mb3 COLLATE=utf8mb3_unicode_ci;
/*!40101 SET character_set_client = @saved_cs_client */;

--
-- Dumping data for table `contact_target_list`
--

LOCK TABLES `contact_target_list` WRITE;
/*!40000 ALTER TABLE `contact_target_list` DISABLE KEYS */;
/*!40000 ALTER TABLE `contact_target_list` ENABLE KEYS */;
UNLOCK TABLES;

--
-- Table structure for table `currency`
--

DROP TABLE IF EXISTS `currency`;
/*!40101 SET @saved_cs_client     = @@character_set_client */;
/*!40101 SET character_set_client = utf8mb4 */;
CREATE TABLE `currency` (
  `id` varchar(3) CHARACTER SET utf8mb4 COLLATE utf8mb4_unicode_ci NOT NULL,
  `rate` double DEFAULT NULL,
  PRIMARY KEY (`id`)
) ENGINE=InnoDB DEFAULT CHARSET=utf8mb3 COLLATE=utf8mb3_unicode_ci;
/*!40101 SET character_set_client = @saved_cs_client */;

--
-- Dumping data for table `currency`
--

LOCK TABLES `currency` WRITE;
/*!40000 ALTER TABLE `currency` DISABLE KEYS */;
INSERT INTO `currency` VALUES ('USD',1);
/*!40000 ALTER TABLE `currency` ENABLE KEYS */;
UNLOCK TABLES;

--
-- Table structure for table `dashboard_template`
--

DROP TABLE IF EXISTS `dashboard_template`;
/*!40101 SET @saved_cs_client     = @@character_set_client */;
/*!40101 SET character_set_client = utf8mb4 */;
CREATE TABLE `dashboard_template` (
  `id` varchar(17) CHARACTER SET utf8mb4 COLLATE utf8mb4_unicode_ci NOT NULL,
  `name` varchar(100) CHARACTER SET utf8mb4 COLLATE utf8mb4_unicode_ci DEFAULT NULL,
  `deleted` tinyint(1) DEFAULT 0,
  `layout` mediumtext CHARACTER SET utf8mb4 COLLATE utf8mb4_unicode_ci DEFAULT NULL,
  `dashlets_options` mediumtext CHARACTER SET utf8mb4 COLLATE utf8mb4_unicode_ci DEFAULT NULL,
  `created_at` datetime DEFAULT NULL,
  `modified_at` datetime DEFAULT NULL,
  `created_by_id` varchar(17) CHARACTER SET utf8mb4 COLLATE utf8mb4_unicode_ci DEFAULT NULL,
  `modified_by_id` varchar(17) CHARACTER SET utf8mb4 COLLATE utf8mb4_unicode_ci DEFAULT NULL,
  PRIMARY KEY (`id`),
  KEY `IDX_CREATED_BY_ID` (`created_by_id`),
  KEY `IDX_MODIFIED_BY_ID` (`modified_by_id`)
) ENGINE=InnoDB DEFAULT CHARSET=utf8mb3 COLLATE=utf8mb3_unicode_ci;
/*!40101 SET character_set_client = @saved_cs_client */;

--
-- Dumping data for table `dashboard_template`
--

LOCK TABLES `dashboard_template` WRITE;
/*!40000 ALTER TABLE `dashboard_template` DISABLE KEYS */;
/*!40000 ALTER TABLE `dashboard_template` ENABLE KEYS */;
UNLOCK TABLES;

--
-- Table structure for table `document`
--

DROP TABLE IF EXISTS `document`;
/*!40101 SET @saved_cs_client     = @@character_set_client */;
/*!40101 SET character_set_client = utf8mb4 */;
CREATE TABLE `document` (
  `id` varchar(17) CHARACTER SET utf8mb4 COLLATE utf8mb4_unicode_ci NOT NULL,
  `name` varchar(255) CHARACTER SET utf8mb4 COLLATE utf8mb4_unicode_ci DEFAULT NULL,
  `deleted` tinyint(1) DEFAULT 0,
  `status` varchar(255) CHARACTER SET utf8mb4 COLLATE utf8mb4_unicode_ci DEFAULT 'Active',
  `type` varchar(255) CHARACTER SET utf8mb4 COLLATE utf8mb4_unicode_ci DEFAULT NULL,
  `publish_date` date DEFAULT NULL,
  `expiration_date` date DEFAULT NULL,
  `description` mediumtext CHARACTER SET utf8mb4 COLLATE utf8mb4_unicode_ci DEFAULT NULL,
  `created_at` datetime DEFAULT NULL,
  `modified_at` datetime DEFAULT NULL,
  `file_id` varchar(17) CHARACTER SET utf8mb4 COLLATE utf8mb4_unicode_ci DEFAULT NULL,
  `created_by_id` varchar(17) CHARACTER SET utf8mb4 COLLATE utf8mb4_unicode_ci DEFAULT NULL,
  `modified_by_id` varchar(17) CHARACTER SET utf8mb4 COLLATE utf8mb4_unicode_ci DEFAULT NULL,
  `assigned_user_id` varchar(17) CHARACTER SET utf8mb4 COLLATE utf8mb4_unicode_ci DEFAULT NULL,
  `folder_id` varchar(17) CHARACTER SET utf8mb4 COLLATE utf8mb4_unicode_ci DEFAULT NULL,
  PRIMARY KEY (`id`),
  KEY `IDX_CREATED_BY_ID` (`created_by_id`),
  KEY `IDX_MODIFIED_BY_ID` (`modified_by_id`),
  KEY `IDX_ASSIGNED_USER_ID` (`assigned_user_id`),
  KEY `IDX_FOLDER_ID` (`folder_id`)
) ENGINE=InnoDB DEFAULT CHARSET=utf8mb3 COLLATE=utf8mb3_unicode_ci;
/*!40101 SET character_set_client = @saved_cs_client */;

--
-- Dumping data for table `document`
--

LOCK TABLES `document` WRITE;
/*!40000 ALTER TABLE `document` DISABLE KEYS */;
/*!40000 ALTER TABLE `document` ENABLE KEYS */;
UNLOCK TABLES;

--
-- Table structure for table `document_folder`
--

DROP TABLE IF EXISTS `document_folder`;
/*!40101 SET @saved_cs_client     = @@character_set_client */;
/*!40101 SET character_set_client = utf8mb4 */;
CREATE TABLE `document_folder` (
  `id` varchar(17) CHARACTER SET utf8mb4 COLLATE utf8mb4_unicode_ci NOT NULL,
  `name` varchar(255) CHARACTER SET utf8mb4 COLLATE utf8mb4_unicode_ci DEFAULT NULL,
  `deleted` tinyint(1) DEFAULT 0,
  `description` mediumtext CHARACTER SET utf8mb4 COLLATE utf8mb4_unicode_ci DEFAULT NULL,
  `created_at` datetime DEFAULT NULL,
  `modified_at` datetime DEFAULT NULL,
  `created_by_id` varchar(17) CHARACTER SET utf8mb4 COLLATE utf8mb4_unicode_ci DEFAULT NULL,
  `modified_by_id` varchar(17) CHARACTER SET utf8mb4 COLLATE utf8mb4_unicode_ci DEFAULT NULL,
  `parent_id` varchar(17) CHARACTER SET utf8mb4 COLLATE utf8mb4_unicode_ci DEFAULT NULL,
  PRIMARY KEY (`id`),
  KEY `IDX_CREATED_BY_ID` (`created_by_id`),
  KEY `IDX_MODIFIED_BY_ID` (`modified_by_id`),
  KEY `IDX_PARENT_ID` (`parent_id`)
) ENGINE=InnoDB DEFAULT CHARSET=utf8mb3 COLLATE=utf8mb3_unicode_ci;
/*!40101 SET character_set_client = @saved_cs_client */;

--
-- Dumping data for table `document_folder`
--

LOCK TABLES `document_folder` WRITE;
/*!40000 ALTER TABLE `document_folder` DISABLE KEYS */;
/*!40000 ALTER TABLE `document_folder` ENABLE KEYS */;
UNLOCK TABLES;

--
-- Table structure for table `document_folder_path`
--

DROP TABLE IF EXISTS `document_folder_path`;
/*!40101 SET @saved_cs_client     = @@character_set_client */;
/*!40101 SET character_set_client = utf8mb4 */;
CREATE TABLE `document_folder_path` (
  `id` int(11) NOT NULL AUTO_INCREMENT,
  `ascendor_id` varchar(17) CHARACTER SET utf8mb4 COLLATE utf8mb4_unicode_ci DEFAULT NULL,
  `descendor_id` varchar(17) CHARACTER SET utf8mb4 COLLATE utf8mb4_unicode_ci DEFAULT NULL,
  PRIMARY KEY (`id`),
  KEY `IDX_ASCENDOR_ID` (`ascendor_id`),
  KEY `IDX_DESCENDOR_ID` (`descendor_id`)
) ENGINE=InnoDB DEFAULT CHARSET=utf8mb3 COLLATE=utf8mb3_unicode_ci;
/*!40101 SET character_set_client = @saved_cs_client */;

--
-- Dumping data for table `document_folder_path`
--

LOCK TABLES `document_folder_path` WRITE;
/*!40000 ALTER TABLE `document_folder_path` DISABLE KEYS */;
/*!40000 ALTER TABLE `document_folder_path` ENABLE KEYS */;
UNLOCK TABLES;

--
-- Table structure for table `document_lead`
--

DROP TABLE IF EXISTS `document_lead`;
/*!40101 SET @saved_cs_client     = @@character_set_client */;
/*!40101 SET character_set_client = utf8mb4 */;
CREATE TABLE `document_lead` (
  `id` bigint(20) NOT NULL AUTO_INCREMENT,
  `document_id` varchar(17) CHARACTER SET utf8mb4 COLLATE utf8mb4_unicode_ci DEFAULT NULL,
  `lead_id` varchar(17) CHARACTER SET utf8mb4 COLLATE utf8mb4_unicode_ci DEFAULT NULL,
  `deleted` tinyint(1) DEFAULT 0,
  PRIMARY KEY (`id`),
  UNIQUE KEY `UNIQ_DOCUMENT_ID_LEAD_ID` (`document_id`,`lead_id`),
  KEY `IDX_DOCUMENT_ID` (`document_id`),
  KEY `IDX_LEAD_ID` (`lead_id`)
) ENGINE=InnoDB DEFAULT CHARSET=utf8mb3 COLLATE=utf8mb3_unicode_ci;
/*!40101 SET character_set_client = @saved_cs_client */;

--
-- Dumping data for table `document_lead`
--

LOCK TABLES `document_lead` WRITE;
/*!40000 ALTER TABLE `document_lead` DISABLE KEYS */;
/*!40000 ALTER TABLE `document_lead` ENABLE KEYS */;
UNLOCK TABLES;

--
-- Table structure for table `document_opportunity`
--

DROP TABLE IF EXISTS `document_opportunity`;
/*!40101 SET @saved_cs_client     = @@character_set_client */;
/*!40101 SET character_set_client = utf8mb4 */;
CREATE TABLE `document_opportunity` (
  `id` bigint(20) NOT NULL AUTO_INCREMENT,
  `document_id` varchar(17) CHARACTER SET utf8mb4 COLLATE utf8mb4_unicode_ci DEFAULT NULL,
  `opportunity_id` varchar(17) CHARACTER SET utf8mb4 COLLATE utf8mb4_unicode_ci DEFAULT NULL,
  `deleted` tinyint(1) DEFAULT 0,
  PRIMARY KEY (`id`),
  UNIQUE KEY `UNIQ_DOCUMENT_ID_OPPORTUNITY_ID` (`document_id`,`opportunity_id`),
  KEY `IDX_DOCUMENT_ID` (`document_id`),
  KEY `IDX_OPPORTUNITY_ID` (`opportunity_id`)
) ENGINE=InnoDB DEFAULT CHARSET=utf8mb3 COLLATE=utf8mb3_unicode_ci;
/*!40101 SET character_set_client = @saved_cs_client */;

--
-- Dumping data for table `document_opportunity`
--

LOCK TABLES `document_opportunity` WRITE;
/*!40000 ALTER TABLE `document_opportunity` DISABLE KEYS */;
/*!40000 ALTER TABLE `document_opportunity` ENABLE KEYS */;
UNLOCK TABLES;

--
-- Table structure for table `email`
--

DROP TABLE IF EXISTS `email`;
/*!40101 SET @saved_cs_client     = @@character_set_client */;
/*!40101 SET character_set_client = utf8mb4 */;
CREATE TABLE `email` (
  `id` varchar(17) CHARACTER SET utf8mb4 COLLATE utf8mb4_unicode_ci NOT NULL,
  `name` varchar(255) CHARACTER SET utf8mb4 COLLATE utf8mb4_unicode_ci DEFAULT NULL,
  `deleted` tinyint(1) DEFAULT 0,
  `from_string` varchar(255) CHARACTER SET utf8mb4 COLLATE utf8mb4_unicode_ci DEFAULT NULL,
  `reply_to_string` varchar(255) CHARACTER SET utf8mb4 COLLATE utf8mb4_unicode_ci DEFAULT NULL,
  `address_name_map` mediumtext CHARACTER SET utf8mb4 COLLATE utf8mb4_unicode_ci DEFAULT NULL,
  `is_replied` tinyint(1) NOT NULL DEFAULT 0,
  `message_id` varchar(255) CHARACTER SET utf8mb4 COLLATE utf8mb4_unicode_ci DEFAULT NULL,
  `message_id_internal` varchar(300) CHARACTER SET utf8mb4 COLLATE utf8mb4_unicode_ci DEFAULT NULL,
  `body_plain` mediumtext CHARACTER SET utf8mb4 COLLATE utf8mb4_unicode_ci DEFAULT NULL,
  `body` mediumtext CHARACTER SET utf8mb4 COLLATE utf8mb4_unicode_ci DEFAULT NULL,
  `is_html` tinyint(1) NOT NULL DEFAULT 1,
  `status` varchar(255) CHARACTER SET utf8mb4 COLLATE utf8mb4_unicode_ci DEFAULT 'Archived',
  `has_attachment` tinyint(1) NOT NULL DEFAULT 0,
  `date_sent` datetime DEFAULT NULL,
  `delivery_date` datetime DEFAULT NULL,
  `send_at` datetime DEFAULT NULL,
  `is_auto_reply` tinyint(1) NOT NULL DEFAULT 0,
  `created_at` datetime DEFAULT NULL,
  `modified_at` datetime DEFAULT NULL,
  `is_system` tinyint(1) NOT NULL DEFAULT 0,
  `ics_contents` mediumtext CHARACTER SET utf8mb4 COLLATE utf8mb4_unicode_ci DEFAULT NULL,
  `ics_event_uid` varchar(255) CHARACTER SET utf8mb4 COLLATE utf8mb4_unicode_ci DEFAULT NULL,
  `group_status_folder` varchar(7) CHARACTER SET utf8mb4 COLLATE utf8mb4_unicode_ci DEFAULT NULL,
  `from_email_address_id` varchar(17) CHARACTER SET utf8mb4 COLLATE utf8mb4_unicode_ci DEFAULT NULL,
  `parent_id` varchar(17) CHARACTER SET utf8mb4 COLLATE utf8mb4_unicode_ci DEFAULT NULL,
  `parent_type` varchar(100) CHARACTER SET utf8mb4 COLLATE utf8mb4_unicode_ci DEFAULT NULL,
  `created_by_id` varchar(17) CHARACTER SET utf8mb4 COLLATE utf8mb4_unicode_ci DEFAULT NULL,
  `sent_by_id` varchar(17) CHARACTER SET utf8mb4 COLLATE utf8mb4_unicode_ci DEFAULT NULL,
  `modified_by_id` varchar(17) CHARACTER SET utf8mb4 COLLATE utf8mb4_unicode_ci DEFAULT NULL,
  `assigned_user_id` varchar(17) CHARACTER SET utf8mb4 COLLATE utf8mb4_unicode_ci DEFAULT NULL,
  `replied_id` varchar(17) CHARACTER SET utf8mb4 COLLATE utf8mb4_unicode_ci DEFAULT NULL,
  `created_event_id` varchar(17) CHARACTER SET utf8mb4 COLLATE utf8mb4_unicode_ci DEFAULT NULL,
  `created_event_type` varchar(100) CHARACTER SET utf8mb4 COLLATE utf8mb4_unicode_ci DEFAULT NULL,
  `group_folder_id` varchar(17) CHARACTER SET utf8mb4 COLLATE utf8mb4_unicode_ci DEFAULT NULL,
  `account_id` varchar(17) CHARACTER SET utf8mb4 COLLATE utf8mb4_unicode_ci DEFAULT NULL,
  PRIMARY KEY (`id`),
  KEY `IDX_CREATED_BY_ID` (`created_by_id`),
  KEY `IDX_DATE_SENT` (`date_sent`,`deleted`),
  KEY `IDX_DATE_SENT_STATUS` (`date_sent`,`status`,`deleted`),
  KEY `IDX_MESSAGE_ID` (`message_id`),
  KEY `IDX_ICS_EVENT_UID` (`ics_event_uid`),
  KEY `IDX_GROUP_STATUS_FOLDER` (`group_status_folder`),
  KEY `IDX_FROM_EMAIL_ADDRESS_ID` (`from_email_address_id`),
  KEY `IDX_PARENT` (`parent_id`,`parent_type`),
  KEY `IDX_SENT_BY_ID` (`sent_by_id`),
  KEY `IDX_MODIFIED_BY_ID` (`modified_by_id`),
  KEY `IDX_ASSIGNED_USER_ID` (`assigned_user_id`),
  KEY `IDX_REPLIED_ID` (`replied_id`),
  KEY `IDX_CREATED_EVENT` (`created_event_id`,`created_event_type`),
  KEY `IDX_GROUP_FOLDER_ID` (`group_folder_id`),
  KEY `IDX_ACCOUNT_ID` (`account_id`),
  FULLTEXT KEY `IDX_SYSTEM_FULL_TEXT_SEARCH` (`name`,`body_plain`,`body`)
) ENGINE=InnoDB DEFAULT CHARSET=utf8mb3 COLLATE=utf8mb3_unicode_ci;
/*!40101 SET character_set_client = @saved_cs_client */;

--
-- Dumping data for table `email`
--

LOCK TABLES `email` WRITE;
/*!40000 ALTER TABLE `email` DISABLE KEYS */;
/*!40000 ALTER TABLE `email` ENABLE KEYS */;
UNLOCK TABLES;

--
-- Table structure for table `email_account`
--

DROP TABLE IF EXISTS `email_account`;
/*!40101 SET @saved_cs_client     = @@character_set_client */;
/*!40101 SET character_set_client = utf8mb4 */;
CREATE TABLE `email_account` (
  `id` varchar(17) CHARACTER SET utf8mb4 COLLATE utf8mb4_unicode_ci NOT NULL,
  `name` varchar(255) CHARACTER SET utf8mb4 COLLATE utf8mb4_unicode_ci DEFAULT NULL,
  `deleted` tinyint(1) DEFAULT 0,
  `email_address` varchar(100) CHARACTER SET utf8mb4 COLLATE utf8mb4_unicode_ci DEFAULT NULL,
  `status` varchar(255) CHARACTER SET utf8mb4 COLLATE utf8mb4_unicode_ci DEFAULT 'Active',
  `host` varchar(255) CHARACTER SET utf8mb4 COLLATE utf8mb4_unicode_ci DEFAULT NULL,
  `port` int(11) DEFAULT 993,
  `security` varchar(255) CHARACTER SET utf8mb4 COLLATE utf8mb4_unicode_ci DEFAULT 'SSL',
  `username` varchar(255) CHARACTER SET utf8mb4 COLLATE utf8mb4_unicode_ci DEFAULT NULL,
  `password` varchar(255) CHARACTER SET utf8mb4 COLLATE utf8mb4_unicode_ci DEFAULT NULL,
  `monitored_folders` mediumtext CHARACTER SET utf8mb4 COLLATE utf8mb4_unicode_ci DEFAULT '["INBOX"]',
  `sent_folder` varchar(255) CHARACTER SET utf8mb4 COLLATE utf8mb4_unicode_ci DEFAULT NULL,
  `store_sent_emails` tinyint(1) NOT NULL DEFAULT 0,
  `keep_fetched_emails_unread` tinyint(1) NOT NULL DEFAULT 0,
  `fetch_since` date DEFAULT NULL,
  `fetch_data` mediumtext CHARACTER SET utf8mb4 COLLATE utf8mb4_unicode_ci DEFAULT NULL,
  `created_at` datetime DEFAULT NULL,
  `modified_at` datetime DEFAULT NULL,
  `connected_at` datetime DEFAULT NULL,
  `use_imap` tinyint(1) NOT NULL DEFAULT 1,
  `use_smtp` tinyint(1) NOT NULL DEFAULT 0,
  `smtp_host` varchar(255) CHARACTER SET utf8mb4 COLLATE utf8mb4_unicode_ci DEFAULT NULL,
  `smtp_port` int(11) DEFAULT 587,
  `smtp_auth` tinyint(1) NOT NULL DEFAULT 1,
  `smtp_security` varchar(255) CHARACTER SET utf8mb4 COLLATE utf8mb4_unicode_ci DEFAULT 'TLS',
  `smtp_username` varchar(255) CHARACTER SET utf8mb4 COLLATE utf8mb4_unicode_ci DEFAULT NULL,
  `smtp_password` varchar(255) CHARACTER SET utf8mb4 COLLATE utf8mb4_unicode_ci DEFAULT NULL,
  `smtp_auth_mechanism` varchar(255) CHARACTER SET utf8mb4 COLLATE utf8mb4_unicode_ci DEFAULT 'login',
  `imap_handler` varchar(255) CHARACTER SET utf8mb4 COLLATE utf8mb4_unicode_ci DEFAULT NULL,
  `smtp_handler` varchar(255) CHARACTER SET utf8mb4 COLLATE utf8mb4_unicode_ci DEFAULT NULL,
  `email_folder_id` varchar(17) CHARACTER SET utf8mb4 COLLATE utf8mb4_unicode_ci DEFAULT NULL,
  `assigned_user_id` varchar(17) CHARACTER SET utf8mb4 COLLATE utf8mb4_unicode_ci DEFAULT NULL,
  `created_by_id` varchar(17) CHARACTER SET utf8mb4 COLLATE utf8mb4_unicode_ci DEFAULT NULL,
  `modified_by_id` varchar(17) CHARACTER SET utf8mb4 COLLATE utf8mb4_unicode_ci DEFAULT NULL,
  PRIMARY KEY (`id`),
  KEY `IDX_EMAIL_FOLDER_ID` (`email_folder_id`),
  KEY `IDX_ASSIGNED_USER_ID` (`assigned_user_id`),
  KEY `IDX_CREATED_BY_ID` (`created_by_id`),
  KEY `IDX_MODIFIED_BY_ID` (`modified_by_id`)
) ENGINE=InnoDB DEFAULT CHARSET=utf8mb3 COLLATE=utf8mb3_unicode_ci;
/*!40101 SET character_set_client = @saved_cs_client */;

--
-- Dumping data for table `email_account`
--

LOCK TABLES `email_account` WRITE;
/*!40000 ALTER TABLE `email_account` DISABLE KEYS */;
/*!40000 ALTER TABLE `email_account` ENABLE KEYS */;
UNLOCK TABLES;

--
-- Table structure for table `email_address`
--

DROP TABLE IF EXISTS `email_address`;
/*!40101 SET @saved_cs_client     = @@character_set_client */;
/*!40101 SET character_set_client = utf8mb4 */;
CREATE TABLE `email_address` (
  `id` varchar(17) CHARACTER SET utf8mb4 COLLATE utf8mb4_unicode_ci NOT NULL,
  `name` varchar(255) CHARACTER SET utf8mb4 COLLATE utf8mb4_unicode_ci DEFAULT NULL,
  `deleted` tinyint(1) DEFAULT 0,
  `lower` varchar(255) CHARACTER SET utf8mb4 COLLATE utf8mb4_unicode_ci DEFAULT NULL,
  `invalid` tinyint(1) NOT NULL DEFAULT 0,
  `opt_out` tinyint(1) NOT NULL DEFAULT 0,
  PRIMARY KEY (`id`),
  KEY `IDX_LOWER` (`lower`)
) ENGINE=InnoDB DEFAULT CHARSET=utf8mb3 COLLATE=utf8mb3_unicode_ci;
/*!40101 SET character_set_client = @saved_cs_client */;

--
-- Dumping data for table `email_address`
--

LOCK TABLES `email_address` WRITE;
/*!40000 ALTER TABLE `email_address` DISABLE KEYS */;
INSERT INTO `email_address` VALUES ('691066a265bdf4b5e','sqgerg2@mail.ru',0,'sqgerg2@mail.ru',0,0),('69106768eee2c10a8','tima@mail.ru',0,'tima@mail.ru',0,0),('69109d84bb39d61f1','sofka@mail.ru',0,'sofka@mail.ru',0,0),('6910a0156dfed69ab','petrov@mail.ru',0,'petrov@mail.ru',0,0),('6910a0620cf230322','smirnova@mail.ru',0,'smirnova@mail.ru',0,0),('6910a08a9eec9e05a','primer@mail.ru',0,'primer@mail.ru',0,0),('6910a39463d8f86ee','pavel@mail.ru',0,'pavel@mail.ru',0,0),('6910a3f2a168b82d8','maria@mail.ru',0,'maria@mail.ru',0,0);
/*!40000 ALTER TABLE `email_address` ENABLE KEYS */;
UNLOCK TABLES;

--
-- Table structure for table `email_email_account`
--

DROP TABLE IF EXISTS `email_email_account`;
/*!40101 SET @saved_cs_client     = @@character_set_client */;
/*!40101 SET character_set_client = utf8mb4 */;
CREATE TABLE `email_email_account` (
  `id` bigint(20) NOT NULL AUTO_INCREMENT,
  `email_id` varchar(17) CHARACTER SET utf8mb4 COLLATE utf8mb4_unicode_ci DEFAULT NULL,
  `email_account_id` varchar(17) CHARACTER SET utf8mb4 COLLATE utf8mb4_unicode_ci DEFAULT NULL,
  `deleted` tinyint(1) DEFAULT 0,
  PRIMARY KEY (`id`),
  UNIQUE KEY `UNIQ_EMAIL_ID_EMAIL_ACCOUNT_ID` (`email_id`,`email_account_id`),
  KEY `IDX_EMAIL_ID` (`email_id`),
  KEY `IDX_EMAIL_ACCOUNT_ID` (`email_account_id`)
) ENGINE=InnoDB DEFAULT CHARSET=utf8mb3 COLLATE=utf8mb3_unicode_ci;
/*!40101 SET character_set_client = @saved_cs_client */;

--
-- Dumping data for table `email_email_account`
--

LOCK TABLES `email_email_account` WRITE;
/*!40000 ALTER TABLE `email_email_account` DISABLE KEYS */;
/*!40000 ALTER TABLE `email_email_account` ENABLE KEYS */;
UNLOCK TABLES;

--
-- Table structure for table `email_email_address`
--

DROP TABLE IF EXISTS `email_email_address`;
/*!40101 SET @saved_cs_client     = @@character_set_client */;
/*!40101 SET character_set_client = utf8mb4 */;
CREATE TABLE `email_email_address` (
  `id` bigint(20) NOT NULL AUTO_INCREMENT,
  `email_id` varchar(17) CHARACTER SET utf8mb4 COLLATE utf8mb4_unicode_ci DEFAULT NULL,
  `email_address_id` varchar(17) CHARACTER SET utf8mb4 COLLATE utf8mb4_unicode_ci DEFAULT NULL,
  `address_type` varchar(4) CHARACTER SET utf8mb4 COLLATE utf8mb4_unicode_ci DEFAULT NULL,
  `deleted` tinyint(1) DEFAULT 0,
  PRIMARY KEY (`id`),
  UNIQUE KEY `UNIQ_EMAIL_ID_EMAIL_ADDRESS_ID_ADDRESS_TYPE` (`email_id`,`email_address_id`,`address_type`),
  KEY `IDX_EMAIL_ID` (`email_id`),
  KEY `IDX_EMAIL_ADDRESS_ID` (`email_address_id`)
) ENGINE=InnoDB DEFAULT CHARSET=utf8mb3 COLLATE=utf8mb3_unicode_ci;
/*!40101 SET character_set_client = @saved_cs_client */;

--
-- Dumping data for table `email_email_address`
--

LOCK TABLES `email_email_address` WRITE;
/*!40000 ALTER TABLE `email_email_address` DISABLE KEYS */;
/*!40000 ALTER TABLE `email_email_address` ENABLE KEYS */;
UNLOCK TABLES;

--
-- Table structure for table `email_filter`
--

DROP TABLE IF EXISTS `email_filter`;
/*!40101 SET @saved_cs_client     = @@character_set_client */;
/*!40101 SET character_set_client = utf8mb4 */;
CREATE TABLE `email_filter` (
  `id` varchar(17) CHARACTER SET utf8mb4 COLLATE utf8mb4_unicode_ci NOT NULL,
  `name` varchar(100) CHARACTER SET utf8mb4 COLLATE utf8mb4_unicode_ci DEFAULT NULL,
  `deleted` tinyint(1) DEFAULT 0,
  `from` varchar(255) CHARACTER SET utf8mb4 COLLATE utf8mb4_unicode_ci DEFAULT NULL,
  `to` varchar(255) CHARACTER SET utf8mb4 COLLATE utf8mb4_unicode_ci DEFAULT NULL,
  `subject` varchar(255) CHARACTER SET utf8mb4 COLLATE utf8mb4_unicode_ci DEFAULT NULL,
  `body_contains` mediumtext CHARACTER SET utf8mb4 COLLATE utf8mb4_unicode_ci DEFAULT NULL,
  `body_contains_all` mediumtext CHARACTER SET utf8mb4 COLLATE utf8mb4_unicode_ci DEFAULT NULL,
  `is_global` tinyint(1) NOT NULL DEFAULT 0,
  `action` varchar(255) CHARACTER SET utf8mb4 COLLATE utf8mb4_unicode_ci DEFAULT 'Skip',
  `mark_as_read` tinyint(1) NOT NULL DEFAULT 0,
  `skip_notification` tinyint(1) NOT NULL DEFAULT 0,
  `created_at` datetime DEFAULT NULL,
  `modified_at` datetime DEFAULT NULL,
  `parent_id` varchar(17) CHARACTER SET utf8mb4 COLLATE utf8mb4_unicode_ci DEFAULT NULL,
  `parent_type` varchar(100) CHARACTER SET utf8mb4 COLLATE utf8mb4_unicode_ci DEFAULT NULL,
  `email_folder_id` varchar(17) CHARACTER SET utf8mb4 COLLATE utf8mb4_unicode_ci DEFAULT NULL,
  `group_email_folder_id` varchar(17) CHARACTER SET utf8mb4 COLLATE utf8mb4_unicode_ci DEFAULT NULL,
  `created_by_id` varchar(17) CHARACTER SET utf8mb4 COLLATE utf8mb4_unicode_ci DEFAULT NULL,
  `modified_by_id` varchar(17) CHARACTER SET utf8mb4 COLLATE utf8mb4_unicode_ci DEFAULT NULL,
  PRIMARY KEY (`id`),
  KEY `IDX_PARENT` (`parent_id`,`parent_type`),
  KEY `IDX_EMAIL_FOLDER_ID` (`email_folder_id`),
  KEY `IDX_GROUP_EMAIL_FOLDER_ID` (`group_email_folder_id`),
  KEY `IDX_CREATED_BY_ID` (`created_by_id`),
  KEY `IDX_MODIFIED_BY_ID` (`modified_by_id`)
) ENGINE=InnoDB DEFAULT CHARSET=utf8mb3 COLLATE=utf8mb3_unicode_ci;
/*!40101 SET character_set_client = @saved_cs_client */;

--
-- Dumping data for table `email_filter`
--

LOCK TABLES `email_filter` WRITE;
/*!40000 ALTER TABLE `email_filter` DISABLE KEYS */;
/*!40000 ALTER TABLE `email_filter` ENABLE KEYS */;
UNLOCK TABLES;

--
-- Table structure for table `email_folder`
--

DROP TABLE IF EXISTS `email_folder`;
/*!40101 SET @saved_cs_client     = @@character_set_client */;
/*!40101 SET character_set_client = utf8mb4 */;
CREATE TABLE `email_folder` (
  `id` varchar(17) CHARACTER SET utf8mb4 COLLATE utf8mb4_unicode_ci NOT NULL,
  `name` varchar(64) CHARACTER SET utf8mb4 COLLATE utf8mb4_unicode_ci DEFAULT NULL,
  `deleted` tinyint(1) DEFAULT 0,
  `order` int(11) DEFAULT NULL,
  `skip_notifications` tinyint(1) NOT NULL DEFAULT 0,
  `created_at` datetime DEFAULT NULL,
  `modified_at` datetime DEFAULT NULL,
  `assigned_user_id` varchar(17) CHARACTER SET utf8mb4 COLLATE utf8mb4_unicode_ci DEFAULT NULL,
  `created_by_id` varchar(17) CHARACTER SET utf8mb4 COLLATE utf8mb4_unicode_ci DEFAULT NULL,
  `modified_by_id` varchar(17) CHARACTER SET utf8mb4 COLLATE utf8mb4_unicode_ci DEFAULT NULL,
  PRIMARY KEY (`id`),
  KEY `IDX_ASSIGNED_USER_ID` (`assigned_user_id`),
  KEY `IDX_CREATED_BY_ID` (`created_by_id`),
  KEY `IDX_MODIFIED_BY_ID` (`modified_by_id`)
) ENGINE=InnoDB DEFAULT CHARSET=utf8mb3 COLLATE=utf8mb3_unicode_ci;
/*!40101 SET character_set_client = @saved_cs_client */;

--
-- Dumping data for table `email_folder`
--

LOCK TABLES `email_folder` WRITE;
/*!40000 ALTER TABLE `email_folder` DISABLE KEYS */;
/*!40000 ALTER TABLE `email_folder` ENABLE KEYS */;
UNLOCK TABLES;

--
-- Table structure for table `email_inbound_email`
--

DROP TABLE IF EXISTS `email_inbound_email`;
/*!40101 SET @saved_cs_client     = @@character_set_client */;
/*!40101 SET character_set_client = utf8mb4 */;
CREATE TABLE `email_inbound_email` (
  `id` bigint(20) NOT NULL AUTO_INCREMENT,
  `email_id` varchar(17) CHARACTER SET utf8mb4 COLLATE utf8mb4_unicode_ci DEFAULT NULL,
  `inbound_email_id` varchar(17) CHARACTER SET utf8mb4 COLLATE utf8mb4_unicode_ci DEFAULT NULL,
  `deleted` tinyint(1) DEFAULT 0,
  PRIMARY KEY (`id`),
  UNIQUE KEY `UNIQ_EMAIL_ID_INBOUND_EMAIL_ID` (`email_id`,`inbound_email_id`),
  KEY `IDX_EMAIL_ID` (`email_id`),
  KEY `IDX_INBOUND_EMAIL_ID` (`inbound_email_id`)
) ENGINE=InnoDB DEFAULT CHARSET=utf8mb3 COLLATE=utf8mb3_unicode_ci;
/*!40101 SET character_set_client = @saved_cs_client */;

--
-- Dumping data for table `email_inbound_email`
--

LOCK TABLES `email_inbound_email` WRITE;
/*!40000 ALTER TABLE `email_inbound_email` DISABLE KEYS */;
/*!40000 ALTER TABLE `email_inbound_email` ENABLE KEYS */;
UNLOCK TABLES;

--
-- Table structure for table `email_queue_item`
--

DROP TABLE IF EXISTS `email_queue_item`;
/*!40101 SET @saved_cs_client     = @@character_set_client */;
/*!40101 SET character_set_client = utf8mb4 */;
CREATE TABLE `email_queue_item` (
  `id` varchar(17) CHARACTER SET utf8mb4 COLLATE utf8mb4_unicode_ci NOT NULL,
  `deleted` tinyint(1) DEFAULT 0,
  `status` varchar(255) CHARACTER SET utf8mb4 COLLATE utf8mb4_unicode_ci DEFAULT NULL,
  `attempt_count` int(11) DEFAULT 0,
  `created_at` datetime DEFAULT NULL,
  `sent_at` datetime DEFAULT NULL,
  `email_address` varchar(255) CHARACTER SET utf8mb4 COLLATE utf8mb4_unicode_ci DEFAULT NULL,
  `is_test` tinyint(1) NOT NULL DEFAULT 0,
  `mass_email_id` varchar(17) CHARACTER SET utf8mb4 COLLATE utf8mb4_unicode_ci DEFAULT NULL,
  `target_id` varchar(17) CHARACTER SET utf8mb4 COLLATE utf8mb4_unicode_ci DEFAULT NULL,
  `target_type` varchar(100) CHARACTER SET utf8mb4 COLLATE utf8mb4_unicode_ci DEFAULT NULL,
  PRIMARY KEY (`id`),
  KEY `IDX_SENT_AT` (`sent_at`),
  KEY `IDX_MASS_EMAIL_ID` (`mass_email_id`),
  KEY `IDX_TARGET` (`target_id`,`target_type`)
) ENGINE=InnoDB DEFAULT CHARSET=utf8mb3 COLLATE=utf8mb3_unicode_ci;
/*!40101 SET character_set_client = @saved_cs_client */;

--
-- Dumping data for table `email_queue_item`
--

LOCK TABLES `email_queue_item` WRITE;
/*!40000 ALTER TABLE `email_queue_item` DISABLE KEYS */;
/*!40000 ALTER TABLE `email_queue_item` ENABLE KEYS */;
UNLOCK TABLES;

--
-- Table structure for table `email_template`
--

DROP TABLE IF EXISTS `email_template`;
/*!40101 SET @saved_cs_client     = @@character_set_client */;
/*!40101 SET character_set_client = utf8mb4 */;
CREATE TABLE `email_template` (
  `id` varchar(17) CHARACTER SET utf8mb4 COLLATE utf8mb4_unicode_ci NOT NULL,
  `name` varchar(255) CHARACTER SET utf8mb4 COLLATE utf8mb4_unicode_ci DEFAULT NULL,
  `deleted` tinyint(1) DEFAULT 0,
  `subject` varchar(255) CHARACTER SET utf8mb4 COLLATE utf8mb4_unicode_ci DEFAULT NULL,
  `body` mediumtext CHARACTER SET utf8mb4 COLLATE utf8mb4_unicode_ci DEFAULT NULL,
  `is_html` tinyint(1) NOT NULL DEFAULT 1,
  `status` varchar(8) CHARACTER SET utf8mb4 COLLATE utf8mb4_unicode_ci DEFAULT 'Active',
  `one_off` tinyint(1) NOT NULL DEFAULT 0,
  `created_at` datetime DEFAULT NULL,
  `modified_at` datetime DEFAULT NULL,
  `category_id` varchar(17) CHARACTER SET utf8mb4 COLLATE utf8mb4_unicode_ci DEFAULT NULL,
  `assigned_user_id` varchar(17) CHARACTER SET utf8mb4 COLLATE utf8mb4_unicode_ci DEFAULT NULL,
  `created_by_id` varchar(17) CHARACTER SET utf8mb4 COLLATE utf8mb4_unicode_ci DEFAULT NULL,
  `modified_by_id` varchar(17) CHARACTER SET utf8mb4 COLLATE utf8mb4_unicode_ci DEFAULT NULL,
  `version_number` bigint(20) DEFAULT NULL,
  PRIMARY KEY (`id`),
  KEY `IDX_CATEGORY_ID` (`category_id`),
  KEY `IDX_ASSIGNED_USER_ID` (`assigned_user_id`),
  KEY `IDX_CREATED_BY_ID` (`created_by_id`),
  KEY `IDX_MODIFIED_BY_ID` (`modified_by_id`)
) ENGINE=InnoDB DEFAULT CHARSET=utf8mb3 COLLATE=utf8mb3_unicode_ci;
/*!40101 SET character_set_client = @saved_cs_client */;

--
-- Dumping data for table `email_template`
--

LOCK TABLES `email_template` WRITE;
/*!40000 ALTER TABLE `email_template` DISABLE KEYS */;
INSERT INTO `email_template` VALUES ('690e8cb90d831de4a','Case-to-Email auto-reply',0,'Case has been created','<p>{Person.name},</p><p>Case \'{Case.name}\' has been created with number {Case.number} and assigned to {User.name}.</p>',1,'Active',0,'2025-11-08 00:20:09','2025-11-08 00:20:09',NULL,NULL,'system',NULL,1);
/*!40000 ALTER TABLE `email_template` ENABLE KEYS */;
UNLOCK TABLES;

--
-- Table structure for table `email_template_category`
--

DROP TABLE IF EXISTS `email_template_category`;
/*!40101 SET @saved_cs_client     = @@character_set_client */;
/*!40101 SET character_set_client = utf8mb4 */;
CREATE TABLE `email_template_category` (
  `id` varchar(17) CHARACTER SET utf8mb4 COLLATE utf8mb4_unicode_ci NOT NULL,
  `name` varchar(255) CHARACTER SET utf8mb4 COLLATE utf8mb4_unicode_ci DEFAULT NULL,
  `deleted` tinyint(1) DEFAULT 0,
  `order` int(11) DEFAULT NULL,
  `description` mediumtext CHARACTER SET utf8mb4 COLLATE utf8mb4_unicode_ci DEFAULT NULL,
  `created_at` datetime DEFAULT NULL,
  `modified_at` datetime DEFAULT NULL,
  `created_by_id` varchar(17) CHARACTER SET utf8mb4 COLLATE utf8mb4_unicode_ci DEFAULT NULL,
  `modified_by_id` varchar(17) CHARACTER SET utf8mb4 COLLATE utf8mb4_unicode_ci DEFAULT NULL,
  `parent_id` varchar(17) CHARACTER SET utf8mb4 COLLATE utf8mb4_unicode_ci DEFAULT NULL,
  PRIMARY KEY (`id`),
  KEY `IDX_CREATED_BY_ID` (`created_by_id`),
  KEY `IDX_MODIFIED_BY_ID` (`modified_by_id`),
  KEY `IDX_PARENT_ID` (`parent_id`)
) ENGINE=InnoDB DEFAULT CHARSET=utf8mb3 COLLATE=utf8mb3_unicode_ci;
/*!40101 SET character_set_client = @saved_cs_client */;

--
-- Dumping data for table `email_template_category`
--

LOCK TABLES `email_template_category` WRITE;
/*!40000 ALTER TABLE `email_template_category` DISABLE KEYS */;
/*!40000 ALTER TABLE `email_template_category` ENABLE KEYS */;
UNLOCK TABLES;

--
-- Table structure for table `email_template_category_path`
--

DROP TABLE IF EXISTS `email_template_category_path`;
/*!40101 SET @saved_cs_client     = @@character_set_client */;
/*!40101 SET character_set_client = utf8mb4 */;
CREATE TABLE `email_template_category_path` (
  `id` int(11) NOT NULL AUTO_INCREMENT,
  `ascendor_id` varchar(17) CHARACTER SET utf8mb4 COLLATE utf8mb4_unicode_ci DEFAULT NULL,
  `descendor_id` varchar(17) CHARACTER SET utf8mb4 COLLATE utf8mb4_unicode_ci DEFAULT NULL,
  PRIMARY KEY (`id`),
  KEY `IDX_ASCENDOR_ID` (`ascendor_id`),
  KEY `IDX_DESCENDOR_ID` (`descendor_id`)
) ENGINE=InnoDB DEFAULT CHARSET=utf8mb3 COLLATE=utf8mb3_unicode_ci;
/*!40101 SET character_set_client = @saved_cs_client */;

--
-- Dumping data for table `email_template_category_path`
--

LOCK TABLES `email_template_category_path` WRITE;
/*!40000 ALTER TABLE `email_template_category_path` DISABLE KEYS */;
/*!40000 ALTER TABLE `email_template_category_path` ENABLE KEYS */;
UNLOCK TABLES;

--
-- Table structure for table `email_user`
--

DROP TABLE IF EXISTS `email_user`;
/*!40101 SET @saved_cs_client     = @@character_set_client */;
/*!40101 SET character_set_client = utf8mb4 */;
CREATE TABLE `email_user` (
  `id` bigint(20) NOT NULL AUTO_INCREMENT,
  `email_id` varchar(17) CHARACTER SET utf8mb4 COLLATE utf8mb4_unicode_ci DEFAULT NULL,
  `user_id` varchar(17) CHARACTER SET utf8mb4 COLLATE utf8mb4_unicode_ci DEFAULT NULL,
  `is_read` tinyint(1) DEFAULT 0,
  `is_important` tinyint(1) DEFAULT 0,
  `in_trash` tinyint(1) DEFAULT 0,
  `in_archive` tinyint(1) DEFAULT 0,
  `folder_id` varchar(17) CHARACTER SET utf8mb4 COLLATE utf8mb4_unicode_ci DEFAULT NULL,
  `deleted` tinyint(1) DEFAULT 0,
  PRIMARY KEY (`id`),
  UNIQUE KEY `UNIQ_EMAIL_ID_USER_ID` (`email_id`,`user_id`),
  KEY `IDX_EMAIL_ID` (`email_id`),
  KEY `IDX_USER_ID` (`user_id`)
) ENGINE=InnoDB DEFAULT CHARSET=utf8mb3 COLLATE=utf8mb3_unicode_ci;
/*!40101 SET character_set_client = @saved_cs_client */;

--
-- Dumping data for table `email_user`
--

LOCK TABLES `email_user` WRITE;
/*!40000 ALTER TABLE `email_user` DISABLE KEYS */;
/*!40000 ALTER TABLE `email_user` ENABLE KEYS */;
UNLOCK TABLES;

--
-- Table structure for table `entity_email_address`
--

DROP TABLE IF EXISTS `entity_email_address`;
/*!40101 SET @saved_cs_client     = @@character_set_client */;
/*!40101 SET character_set_client = utf8mb4 */;
CREATE TABLE `entity_email_address` (
  `id` bigint(20) NOT NULL AUTO_INCREMENT,
  `entity_id` varchar(17) CHARACTER SET utf8mb4 COLLATE utf8mb4_unicode_ci DEFAULT NULL,
  `email_address_id` varchar(17) CHARACTER SET utf8mb4 COLLATE utf8mb4_unicode_ci DEFAULT NULL,
  `entity_type` varchar(100) CHARACTER SET utf8mb4 COLLATE utf8mb4_unicode_ci DEFAULT NULL,
  `primary` tinyint(1) DEFAULT 0,
  `deleted` tinyint(1) DEFAULT 0,
  PRIMARY KEY (`id`),
  UNIQUE KEY `UNIQ_ENTITY_ID_EMAIL_ADDRESS_ID_ENTITY_TYPE` (`entity_id`,`email_address_id`,`entity_type`),
  KEY `IDX_ENTITY_ID` (`entity_id`),
  KEY `IDX_EMAIL_ADDRESS_ID` (`email_address_id`)
) ENGINE=InnoDB AUTO_INCREMENT=10 DEFAULT CHARSET=utf8mb3 COLLATE=utf8mb3_unicode_ci;
/*!40101 SET character_set_client = @saved_cs_client */;

--
-- Dumping data for table `entity_email_address`
--

LOCK TABLES `entity_email_address` WRITE;
/*!40000 ALTER TABLE `entity_email_address` DISABLE KEYS */;
INSERT INTO `entity_email_address` VALUES (1,'691066a2644b61387','691066a265bdf4b5e','User',1,0),(2,'69106768ee5b36116','69106768eee2c10a8','User',1,0),(3,'69109d84ba6be07a2','69109d84bb39d61f1','User',1,0),(4,'6910a0156d40c8696','6910a0156dfed69ab','Account',1,0),(5,'6910a0620bb96aa2d','6910a0620cf230322','Account',1,0),(6,'6910a08a9de10d160','6910a08a9eec9e05a','Account',1,0),(7,'6910a39462c9be6cc','6910a39463d8f86ee','Contact',1,0),(8,'6910a3f2a0bdd13a2','6910a3f2a168b82d8','Contact',1,0),(9,'6910a464c157b4c09','6910a08a9eec9e05a','Contact',1,0);
/*!40000 ALTER TABLE `entity_email_address` ENABLE KEYS */;
UNLOCK TABLES;

--
-- Table structure for table `entity_phone_number`
--

DROP TABLE IF EXISTS `entity_phone_number`;
/*!40101 SET @saved_cs_client     = @@character_set_client */;
/*!40101 SET character_set_client = utf8mb4 */;
CREATE TABLE `entity_phone_number` (
  `id` bigint(20) NOT NULL AUTO_INCREMENT,
  `entity_id` varchar(17) CHARACTER SET utf8mb4 COLLATE utf8mb4_unicode_ci DEFAULT NULL,
  `phone_number_id` varchar(17) CHARACTER SET utf8mb4 COLLATE utf8mb4_unicode_ci DEFAULT NULL,
  `entity_type` varchar(100) CHARACTER SET utf8mb4 COLLATE utf8mb4_unicode_ci DEFAULT NULL,
  `primary` tinyint(1) DEFAULT 0,
  `deleted` tinyint(1) DEFAULT 0,
  PRIMARY KEY (`id`),
  UNIQUE KEY `UNIQ_ENTITY_ID_PHONE_NUMBER_ID_ENTITY_TYPE` (`entity_id`,`phone_number_id`,`entity_type`),
  KEY `IDX_ENTITY_ID` (`entity_id`),
  KEY `IDX_PHONE_NUMBER_ID` (`phone_number_id`)
) ENGINE=InnoDB AUTO_INCREMENT=8 DEFAULT CHARSET=utf8mb3 COLLATE=utf8mb3_unicode_ci;
/*!40101 SET character_set_client = @saved_cs_client */;

--
-- Dumping data for table `entity_phone_number`
--

LOCK TABLES `entity_phone_number` WRITE;
/*!40000 ALTER TABLE `entity_phone_number` DISABLE KEYS */;
INSERT INTO `entity_phone_number` VALUES (1,'691066a2644b61387','691066a2663d319a5','User',1,0),(2,'69106768ee5b36116','69106768f001805a5','User',1,0),(3,'69109d84ba6be07a2','69109d84bc75ae871','User',1,0),(4,'69109f13baccf86a0','69109f13bb5999810','User',1,0),(5,'6910a39462c9be6cc','6910a3946497138ff','Contact',1,0),(6,'6910a3f2a0bdd13a2','6910a3f2a25ebbcab','Contact',1,0),(7,'6910a464c157b4c09','6910a464c37d82e68','Contact',1,0);
/*!40000 ALTER TABLE `entity_phone_number` ENABLE KEYS */;
UNLOCK TABLES;

--
-- Table structure for table `entity_team`
--

DROP TABLE IF EXISTS `entity_team`;
/*!40101 SET @saved_cs_client     = @@character_set_client */;
/*!40101 SET character_set_client = utf8mb4 */;
CREATE TABLE `entity_team` (
  `id` bigint(20) NOT NULL AUTO_INCREMENT,
  `entity_id` varchar(17) CHARACTER SET utf8mb4 COLLATE utf8mb4_unicode_ci DEFAULT NULL,
  `team_id` varchar(17) CHARACTER SET utf8mb4 COLLATE utf8mb4_unicode_ci DEFAULT NULL,
  `entity_type` varchar(100) CHARACTER SET utf8mb4 COLLATE utf8mb4_unicode_ci DEFAULT NULL,
  `deleted` tinyint(1) DEFAULT 0,
  PRIMARY KEY (`id`),
  UNIQUE KEY `UNIQ_ENTITY_ID_TEAM_ID_ENTITY_TYPE` (`entity_id`,`team_id`,`entity_type`),
  KEY `IDX_ENTITY_ID` (`entity_id`),
  KEY `IDX_TEAM_ID` (`team_id`)
) ENGINE=InnoDB AUTO_INCREMENT=11 DEFAULT CHARSET=utf8mb3 COLLATE=utf8mb3_unicode_ci;
/*!40101 SET character_set_client = @saved_cs_client */;

--
-- Dumping data for table `entity_team`
--

LOCK TABLES `entity_team` WRITE;
/*!40000 ALTER TABLE `entity_team` DISABLE KEYS */;
INSERT INTO `entity_team` VALUES (1,'6910a39462c9be6cc','690e96dd0e8ec4c83','Contact',0),(2,'6910a3f2a0bdd13a2','690e9683e2d1f7685','Contact',0),(3,'6910a57c68a6ec318','690e96dd0e8ec4c83','Opportunity',0),(4,'6910a5d77a7e1a79c','690e9683e2d1f7685','Opportunity',0),(5,'6910a6acc8e982fd8','690e964b5cf84e7c3','Task',0),(6,'6910a6eedb2e0be5c','690e95fda4ac390bf','Task',0),(7,'6910a57c68a6ec318','690e9683e2d1f7685','Opportunity',0),(8,'6910a64215ecdda6e','690e9683e2d1f7685','Opportunity',0),(9,'6910a464c157b4c09','690e9683e2d1f7685','Contact',0),(10,'6910a39462c9be6cc','690e9683e2d1f7685','Contact',0);
/*!40000 ALTER TABLE `entity_team` ENABLE KEYS */;
UNLOCK TABLES;

--
-- Table structure for table `entity_user`
--

DROP TABLE IF EXISTS `entity_user`;
/*!40101 SET @saved_cs_client     = @@character_set_client */;
/*!40101 SET character_set_client = utf8mb4 */;
CREATE TABLE `entity_user` (
  `id` bigint(20) NOT NULL AUTO_INCREMENT,
  `entity_id` varchar(17) CHARACTER SET utf8mb4 COLLATE utf8mb4_unicode_ci DEFAULT NULL,
  `user_id` varchar(17) CHARACTER SET utf8mb4 COLLATE utf8mb4_unicode_ci DEFAULT NULL,
  `entity_type` varchar(100) CHARACTER SET utf8mb4 COLLATE utf8mb4_unicode_ci DEFAULT NULL,
  `deleted` tinyint(1) DEFAULT 0,
  PRIMARY KEY (`id`),
  UNIQUE KEY `UNIQ_ENTITY_ID_USER_ID_ENTITY_TYPE` (`entity_id`,`user_id`,`entity_type`),
  KEY `IDX_ENTITY_ID` (`entity_id`),
  KEY `IDX_USER_ID` (`user_id`)
) ENGINE=InnoDB DEFAULT CHARSET=utf8mb3 COLLATE=utf8mb3_unicode_ci;
/*!40101 SET character_set_client = @saved_cs_client */;

--
-- Dumping data for table `entity_user`
--

LOCK TABLES `entity_user` WRITE;
/*!40000 ALTER TABLE `entity_user` DISABLE KEYS */;
/*!40000 ALTER TABLE `entity_user` ENABLE KEYS */;
UNLOCK TABLES;

--
-- Table structure for table `export`
--

DROP TABLE IF EXISTS `export`;
/*!40101 SET @saved_cs_client     = @@character_set_client */;
/*!40101 SET character_set_client = utf8mb4 */;
CREATE TABLE `export` (
  `id` varchar(17) CHARACTER SET utf8mb4 COLLATE utf8mb4_unicode_ci NOT NULL,
  `deleted` tinyint(1) DEFAULT 0,
  `status` varchar(255) CHARACTER SET utf8mb4 COLLATE utf8mb4_unicode_ci DEFAULT 'Pending',
  `params` mediumtext CHARACTER SET utf8mb4 COLLATE utf8mb4_unicode_ci DEFAULT NULL,
  `created_at` datetime DEFAULT NULL,
  `notify_on_finish` tinyint(1) NOT NULL DEFAULT 0,
  `created_by_id` varchar(17) CHARACTER SET utf8mb4 COLLATE utf8mb4_unicode_ci DEFAULT NULL,
  `attachment_id` varchar(17) CHARACTER SET utf8mb4 COLLATE utf8mb4_unicode_ci DEFAULT NULL,
  PRIMARY KEY (`id`),
  KEY `IDX_CREATED_BY_ID` (`created_by_id`),
  KEY `IDX_ATTACHMENT` (`attachment_id`)
) ENGINE=InnoDB DEFAULT CHARSET=utf8mb3 COLLATE=utf8mb3_unicode_ci;
/*!40101 SET character_set_client = @saved_cs_client */;

--
-- Dumping data for table `export`
--

LOCK TABLES `export` WRITE;
/*!40000 ALTER TABLE `export` DISABLE KEYS */;
/*!40000 ALTER TABLE `export` ENABLE KEYS */;
UNLOCK TABLES;

--
-- Table structure for table `extension`
--

DROP TABLE IF EXISTS `extension`;
/*!40101 SET @saved_cs_client     = @@character_set_client */;
/*!40101 SET character_set_client = utf8mb4 */;
CREATE TABLE `extension` (
  `id` varchar(17) CHARACTER SET utf8mb4 COLLATE utf8mb4_unicode_ci NOT NULL,
  `name` varchar(255) CHARACTER SET utf8mb4 COLLATE utf8mb4_unicode_ci DEFAULT NULL,
  `deleted` tinyint(1) DEFAULT 0,
  `version` varchar(50) CHARACTER SET utf8mb4 COLLATE utf8mb4_unicode_ci DEFAULT NULL,
  `file_list` mediumtext CHARACTER SET utf8mb4 COLLATE utf8mb4_unicode_ci DEFAULT NULL,
  `license_status` varchar(36) CHARACTER SET utf8mb4 COLLATE utf8mb4_unicode_ci DEFAULT NULL,
  `license_status_message` varchar(255) CHARACTER SET utf8mb4 COLLATE utf8mb4_unicode_ci DEFAULT NULL,
  `description` mediumtext CHARACTER SET utf8mb4 COLLATE utf8mb4_unicode_ci DEFAULT NULL,
  `is_installed` tinyint(1) NOT NULL DEFAULT 0,
  `check_version_url` varchar(255) CHARACTER SET utf8mb4 COLLATE utf8mb4_unicode_ci DEFAULT NULL,
  `created_at` datetime DEFAULT NULL,
  `created_by_id` varchar(17) CHARACTER SET utf8mb4 COLLATE utf8mb4_unicode_ci DEFAULT NULL,
  PRIMARY KEY (`id`),
  KEY `IDX_LICENSE_STATUS` (`license_status`),
  KEY `IDX_CREATED_BY_ID` (`created_by_id`)
) ENGINE=InnoDB DEFAULT CHARSET=utf8mb3 COLLATE=utf8mb3_unicode_ci;
/*!40101 SET character_set_client = @saved_cs_client */;

--
-- Dumping data for table `extension`
--

LOCK TABLES `extension` WRITE;
/*!40000 ALTER TABLE `extension` DISABLE KEYS */;
/*!40000 ALTER TABLE `extension` ENABLE KEYS */;
UNLOCK TABLES;

--
-- Table structure for table `external_account`
--

DROP TABLE IF EXISTS `external_account`;
/*!40101 SET @saved_cs_client     = @@character_set_client */;
/*!40101 SET character_set_client = utf8mb4 */;
CREATE TABLE `external_account` (
  `id` varchar(64) CHARACTER SET utf8mb4 COLLATE utf8mb4_unicode_ci NOT NULL,
  `deleted` tinyint(1) DEFAULT 0,
  `data` mediumtext CHARACTER SET utf8mb4 COLLATE utf8mb4_unicode_ci DEFAULT NULL,
  `enabled` tinyint(1) NOT NULL DEFAULT 0,
  `is_locked` tinyint(1) NOT NULL DEFAULT 0,
  PRIMARY KEY (`id`)
) ENGINE=InnoDB DEFAULT CHARSET=utf8mb3 COLLATE=utf8mb3_unicode_ci;
/*!40101 SET character_set_client = @saved_cs_client */;

--
-- Dumping data for table `external_account`
--

LOCK TABLES `external_account` WRITE;
/*!40000 ALTER TABLE `external_account` DISABLE KEYS */;
/*!40000 ALTER TABLE `external_account` ENABLE KEYS */;
UNLOCK TABLES;

--
-- Table structure for table `group_email_folder`
--

DROP TABLE IF EXISTS `group_email_folder`;
/*!40101 SET @saved_cs_client     = @@character_set_client */;
/*!40101 SET character_set_client = utf8mb4 */;
CREATE TABLE `group_email_folder` (
  `id` varchar(17) CHARACTER SET utf8mb4 COLLATE utf8mb4_unicode_ci NOT NULL,
  `name` varchar(64) CHARACTER SET utf8mb4 COLLATE utf8mb4_unicode_ci DEFAULT NULL,
  `deleted` tinyint(1) DEFAULT 0,
  `order` int(11) DEFAULT NULL,
  `created_at` datetime DEFAULT NULL,
  `modified_at` datetime DEFAULT NULL,
  `created_by_id` varchar(17) CHARACTER SET utf8mb4 COLLATE utf8mb4_unicode_ci DEFAULT NULL,
  `modified_by_id` varchar(17) CHARACTER SET utf8mb4 COLLATE utf8mb4_unicode_ci DEFAULT NULL,
  PRIMARY KEY (`id`),
  KEY `IDX_CREATED_BY_ID` (`created_by_id`),
  KEY `IDX_MODIFIED_BY_ID` (`modified_by_id`)
) ENGINE=InnoDB DEFAULT CHARSET=utf8mb3 COLLATE=utf8mb3_unicode_ci;
/*!40101 SET character_set_client = @saved_cs_client */;

--
-- Dumping data for table `group_email_folder`
--

LOCK TABLES `group_email_folder` WRITE;
/*!40000 ALTER TABLE `group_email_folder` DISABLE KEYS */;
/*!40000 ALTER TABLE `group_email_folder` ENABLE KEYS */;
UNLOCK TABLES;

--
-- Table structure for table `group_email_folder_team`
--

DROP TABLE IF EXISTS `group_email_folder_team`;
/*!40101 SET @saved_cs_client     = @@character_set_client */;
/*!40101 SET character_set_client = utf8mb4 */;
CREATE TABLE `group_email_folder_team` (
  `id` bigint(20) NOT NULL AUTO_INCREMENT,
  `group_email_folder_id` varchar(17) CHARACTER SET utf8mb4 COLLATE utf8mb4_unicode_ci DEFAULT NULL,
  `team_id` varchar(17) CHARACTER SET utf8mb4 COLLATE utf8mb4_unicode_ci DEFAULT NULL,
  `deleted` tinyint(1) DEFAULT 0,
  PRIMARY KEY (`id`),
  UNIQUE KEY `UNIQ_GROUP_EMAIL_FOLDER_ID_TEAM_ID` (`group_email_folder_id`,`team_id`),
  KEY `IDX_GROUP_EMAIL_FOLDER_ID` (`group_email_folder_id`),
  KEY `IDX_TEAM_ID` (`team_id`)
) ENGINE=InnoDB DEFAULT CHARSET=utf8mb3 COLLATE=utf8mb3_unicode_ci;
/*!40101 SET character_set_client = @saved_cs_client */;

--
-- Dumping data for table `group_email_folder_team`
--

LOCK TABLES `group_email_folder_team` WRITE;
/*!40000 ALTER TABLE `group_email_folder_team` DISABLE KEYS */;
/*!40000 ALTER TABLE `group_email_folder_team` ENABLE KEYS */;
UNLOCK TABLES;

--
-- Table structure for table `import`
--

DROP TABLE IF EXISTS `import`;
/*!40101 SET @saved_cs_client     = @@character_set_client */;
/*!40101 SET character_set_client = utf8mb4 */;
CREATE TABLE `import` (
  `id` varchar(17) CHARACTER SET utf8mb4 COLLATE utf8mb4_unicode_ci NOT NULL,
  `deleted` tinyint(1) DEFAULT 0,
  `entity_type` varchar(255) CHARACTER SET utf8mb4 COLLATE utf8mb4_unicode_ci DEFAULT NULL,
  `status` varchar(255) CHARACTER SET utf8mb4 COLLATE utf8mb4_unicode_ci DEFAULT NULL,
  `last_index` int(11) DEFAULT NULL,
  `params` mediumtext CHARACTER SET utf8mb4 COLLATE utf8mb4_unicode_ci DEFAULT NULL,
  `attribute_list` mediumtext CHARACTER SET utf8mb4 COLLATE utf8mb4_unicode_ci DEFAULT NULL,
  `created_at` datetime DEFAULT NULL,
  `file_id` varchar(17) CHARACTER SET utf8mb4 COLLATE utf8mb4_unicode_ci DEFAULT NULL,
  `created_by_id` varchar(17) CHARACTER SET utf8mb4 COLLATE utf8mb4_unicode_ci DEFAULT NULL,
  PRIMARY KEY (`id`),
  KEY `IDX_CREATED_BY_ID` (`created_by_id`)
) ENGINE=InnoDB DEFAULT CHARSET=utf8mb3 COLLATE=utf8mb3_unicode_ci;
/*!40101 SET character_set_client = @saved_cs_client */;

--
-- Dumping data for table `import`
--

LOCK TABLES `import` WRITE;
/*!40000 ALTER TABLE `import` DISABLE KEYS */;
/*!40000 ALTER TABLE `import` ENABLE KEYS */;
UNLOCK TABLES;

--
-- Table structure for table `import_entity`
--

DROP TABLE IF EXISTS `import_entity`;
/*!40101 SET @saved_cs_client     = @@character_set_client */;
/*!40101 SET character_set_client = utf8mb4 */;
CREATE TABLE `import_entity` (
  `id` bigint(20) NOT NULL AUTO_INCREMENT,
  `deleted` tinyint(1) DEFAULT 0,
  `is_imported` tinyint(1) NOT NULL DEFAULT 0,
  `is_updated` tinyint(1) NOT NULL DEFAULT 0,
  `is_duplicate` tinyint(1) NOT NULL DEFAULT 0,
  `entity_id` varchar(17) CHARACTER SET utf8mb4 COLLATE utf8mb4_unicode_ci DEFAULT NULL,
  `entity_type` varchar(100) CHARACTER SET utf8mb4 COLLATE utf8mb4_unicode_ci DEFAULT NULL,
  `import_id` varchar(17) CHARACTER SET utf8mb4 COLLATE utf8mb4_unicode_ci DEFAULT NULL,
  PRIMARY KEY (`id`),
  KEY `IDX_ENTITY_IMPORT` (`import_id`,`entity_type`),
  KEY `IDX_ENTITY` (`entity_id`,`entity_type`),
  KEY `IDX_IMPORT` (`import_id`)
) ENGINE=InnoDB DEFAULT CHARSET=utf8mb3 COLLATE=utf8mb3_unicode_ci;
/*!40101 SET character_set_client = @saved_cs_client */;

--
-- Dumping data for table `import_entity`
--

LOCK TABLES `import_entity` WRITE;
/*!40000 ALTER TABLE `import_entity` DISABLE KEYS */;
/*!40000 ALTER TABLE `import_entity` ENABLE KEYS */;
UNLOCK TABLES;

--
-- Table structure for table `import_error`
--

DROP TABLE IF EXISTS `import_error`;
/*!40101 SET @saved_cs_client     = @@character_set_client */;
/*!40101 SET character_set_client = utf8mb4 */;
CREATE TABLE `import_error` (
  `id` varchar(17) CHARACTER SET utf8mb4 COLLATE utf8mb4_unicode_ci NOT NULL,
  `deleted` tinyint(1) DEFAULT 0,
  `row_index` int(11) DEFAULT NULL,
  `export_row_index` int(11) DEFAULT NULL,
  `type` varchar(255) CHARACTER SET utf8mb4 COLLATE utf8mb4_unicode_ci DEFAULT NULL,
  `validation_failures` mediumtext CHARACTER SET utf8mb4 COLLATE utf8mb4_unicode_ci DEFAULT NULL,
  `row` mediumtext CHARACTER SET utf8mb4 COLLATE utf8mb4_unicode_ci DEFAULT NULL,
  `import_id` varchar(17) CHARACTER SET utf8mb4 COLLATE utf8mb4_unicode_ci DEFAULT NULL,
  PRIMARY KEY (`id`),
  KEY `IDX_ROW_INDEX` (`row_index`),
  KEY `IDX_IMPORT_ROW_INDEX` (`import_id`,`row_index`),
  KEY `IDX_IMPORT_ID` (`import_id`)
) ENGINE=InnoDB DEFAULT CHARSET=utf8mb3 COLLATE=utf8mb3_unicode_ci;
/*!40101 SET character_set_client = @saved_cs_client */;

--
-- Dumping data for table `import_error`
--

LOCK TABLES `import_error` WRITE;
/*!40000 ALTER TABLE `import_error` DISABLE KEYS */;
/*!40000 ALTER TABLE `import_error` ENABLE KEYS */;
UNLOCK TABLES;

--
-- Table structure for table `inbound_email`
--

DROP TABLE IF EXISTS `inbound_email`;
/*!40101 SET @saved_cs_client     = @@character_set_client */;
/*!40101 SET character_set_client = utf8mb4 */;
CREATE TABLE `inbound_email` (
  `id` varchar(17) CHARACTER SET utf8mb4 COLLATE utf8mb4_unicode_ci NOT NULL,
  `name` varchar(255) CHARACTER SET utf8mb4 COLLATE utf8mb4_unicode_ci DEFAULT NULL,
  `deleted` tinyint(1) DEFAULT 0,
  `email_address` varchar(100) CHARACTER SET utf8mb4 COLLATE utf8mb4_unicode_ci DEFAULT NULL,
  `status` varchar(255) CHARACTER SET utf8mb4 COLLATE utf8mb4_unicode_ci DEFAULT 'Active',
  `host` varchar(255) CHARACTER SET utf8mb4 COLLATE utf8mb4_unicode_ci DEFAULT NULL,
  `port` int(11) DEFAULT 993,
  `security` varchar(255) CHARACTER SET utf8mb4 COLLATE utf8mb4_unicode_ci DEFAULT 'SSL',
  `username` varchar(255) CHARACTER SET utf8mb4 COLLATE utf8mb4_unicode_ci DEFAULT NULL,
  `password` varchar(255) CHARACTER SET utf8mb4 COLLATE utf8mb4_unicode_ci DEFAULT NULL,
  `monitored_folders` mediumtext CHARACTER SET utf8mb4 COLLATE utf8mb4_unicode_ci DEFAULT '["INBOX"]',
  `fetch_since` date DEFAULT NULL,
  `fetch_data` mediumtext CHARACTER SET utf8mb4 COLLATE utf8mb4_unicode_ci DEFAULT NULL,
  `add_all_team_users` tinyint(1) NOT NULL DEFAULT 1,
  `sent_folder` varchar(255) CHARACTER SET utf8mb4 COLLATE utf8mb4_unicode_ci DEFAULT NULL,
  `store_sent_emails` tinyint(1) NOT NULL DEFAULT 0,
  `keep_fetched_emails_unread` tinyint(1) NOT NULL DEFAULT 0,
  `connected_at` datetime DEFAULT NULL,
  `exclude_from_reply` tinyint(1) NOT NULL DEFAULT 0,
  `use_imap` tinyint(1) NOT NULL DEFAULT 1,
  `use_smtp` tinyint(1) NOT NULL DEFAULT 0,
  `smtp_is_shared` tinyint(1) NOT NULL DEFAULT 0,
  `smtp_is_for_mass_email` tinyint(1) NOT NULL DEFAULT 0,
  `smtp_host` varchar(255) CHARACTER SET utf8mb4 COLLATE utf8mb4_unicode_ci DEFAULT NULL,
  `smtp_port` int(11) DEFAULT 587,
  `smtp_auth` tinyint(1) NOT NULL DEFAULT 1,
  `smtp_security` varchar(255) CHARACTER SET utf8mb4 COLLATE utf8mb4_unicode_ci DEFAULT 'TLS',
  `smtp_username` varchar(255) CHARACTER SET utf8mb4 COLLATE utf8mb4_unicode_ci DEFAULT NULL,
  `smtp_password` varchar(255) CHARACTER SET utf8mb4 COLLATE utf8mb4_unicode_ci DEFAULT NULL,
  `smtp_auth_mechanism` varchar(255) CHARACTER SET utf8mb4 COLLATE utf8mb4_unicode_ci DEFAULT 'login',
  `create_case` tinyint(1) NOT NULL DEFAULT 0,
  `case_distribution` varchar(255) CHARACTER SET utf8mb4 COLLATE utf8mb4_unicode_ci DEFAULT 'Direct-Assignment',
  `target_user_position` varchar(255) CHARACTER SET utf8mb4 COLLATE utf8mb4_unicode_ci DEFAULT NULL,
  `reply` tinyint(1) NOT NULL DEFAULT 0,
  `reply_from_address` varchar(255) CHARACTER SET utf8mb4 COLLATE utf8mb4_unicode_ci DEFAULT NULL,
  `reply_to_address` varchar(255) CHARACTER SET utf8mb4 COLLATE utf8mb4_unicode_ci DEFAULT NULL,
  `reply_from_name` varchar(255) CHARACTER SET utf8mb4 COLLATE utf8mb4_unicode_ci DEFAULT NULL,
  `from_name` varchar(255) CHARACTER SET utf8mb4 COLLATE utf8mb4_unicode_ci DEFAULT NULL,
  `imap_handler` varchar(255) CHARACTER SET utf8mb4 COLLATE utf8mb4_unicode_ci DEFAULT NULL,
  `smtp_handler` varchar(255) CHARACTER SET utf8mb4 COLLATE utf8mb4_unicode_ci DEFAULT NULL,
  `created_at` datetime DEFAULT NULL,
  `modified_at` datetime DEFAULT NULL,
  `assign_to_user_id` varchar(17) CHARACTER SET utf8mb4 COLLATE utf8mb4_unicode_ci DEFAULT NULL,
  `team_id` varchar(17) CHARACTER SET utf8mb4 COLLATE utf8mb4_unicode_ci DEFAULT NULL,
  `reply_email_template_id` varchar(17) CHARACTER SET utf8mb4 COLLATE utf8mb4_unicode_ci DEFAULT NULL,
  `group_email_folder_id` varchar(17) CHARACTER SET utf8mb4 COLLATE utf8mb4_unicode_ci DEFAULT NULL,
  `created_by_id` varchar(17) CHARACTER SET utf8mb4 COLLATE utf8mb4_unicode_ci DEFAULT NULL,
  `modified_by_id` varchar(17) CHARACTER SET utf8mb4 COLLATE utf8mb4_unicode_ci DEFAULT NULL,
  PRIMARY KEY (`id`),
  KEY `IDX_ASSIGN_TO_USER_ID` (`assign_to_user_id`),
  KEY `IDX_TEAM_ID` (`team_id`),
  KEY `IDX_REPLY_EMAIL_TEMPLATE_ID` (`reply_email_template_id`),
  KEY `IDX_GROUP_EMAIL_FOLDER_ID` (`group_email_folder_id`),
  KEY `IDX_CREATED_BY_ID` (`created_by_id`),
  KEY `IDX_MODIFIED_BY_ID` (`modified_by_id`)
) ENGINE=InnoDB DEFAULT CHARSET=utf8mb3 COLLATE=utf8mb3_unicode_ci;
/*!40101 SET character_set_client = @saved_cs_client */;

--
-- Dumping data for table `inbound_email`
--

LOCK TABLES `inbound_email` WRITE;
/*!40000 ALTER TABLE `inbound_email` DISABLE KEYS */;
/*!40000 ALTER TABLE `inbound_email` ENABLE KEYS */;
UNLOCK TABLES;

--
-- Table structure for table `inbound_email_team`
--

DROP TABLE IF EXISTS `inbound_email_team`;
/*!40101 SET @saved_cs_client     = @@character_set_client */;
/*!40101 SET character_set_client = utf8mb4 */;
CREATE TABLE `inbound_email_team` (
  `id` bigint(20) NOT NULL AUTO_INCREMENT,
  `inbound_email_id` varchar(17) CHARACTER SET utf8mb4 COLLATE utf8mb4_unicode_ci DEFAULT NULL,
  `team_id` varchar(17) CHARACTER SET utf8mb4 COLLATE utf8mb4_unicode_ci DEFAULT NULL,
  `deleted` tinyint(1) DEFAULT 0,
  PRIMARY KEY (`id`),
  UNIQUE KEY `UNIQ_INBOUND_EMAIL_ID_TEAM_ID` (`inbound_email_id`,`team_id`),
  KEY `IDX_INBOUND_EMAIL_ID` (`inbound_email_id`),
  KEY `IDX_TEAM_ID` (`team_id`)
) ENGINE=InnoDB DEFAULT CHARSET=utf8mb3 COLLATE=utf8mb3_unicode_ci;
/*!40101 SET character_set_client = @saved_cs_client */;

--
-- Dumping data for table `inbound_email_team`
--

LOCK TABLES `inbound_email_team` WRITE;
/*!40000 ALTER TABLE `inbound_email_team` DISABLE KEYS */;
/*!40000 ALTER TABLE `inbound_email_team` ENABLE KEYS */;
UNLOCK TABLES;

--
-- Table structure for table `integration`
--

DROP TABLE IF EXISTS `integration`;
/*!40101 SET @saved_cs_client     = @@character_set_client */;
/*!40101 SET character_set_client = utf8mb4 */;
CREATE TABLE `integration` (
  `id` varchar(24) CHARACTER SET utf8mb4 COLLATE utf8mb4_unicode_ci NOT NULL,
  `deleted` tinyint(1) DEFAULT 0,
  `data` mediumtext CHARACTER SET utf8mb4 COLLATE utf8mb4_unicode_ci DEFAULT NULL,
  `enabled` tinyint(1) NOT NULL DEFAULT 0,
  PRIMARY KEY (`id`)
) ENGINE=InnoDB DEFAULT CHARSET=utf8mb3 COLLATE=utf8mb3_unicode_ci;
/*!40101 SET character_set_client = @saved_cs_client */;

--
-- Dumping data for table `integration`
--

LOCK TABLES `integration` WRITE;
/*!40000 ALTER TABLE `integration` DISABLE KEYS */;
/*!40000 ALTER TABLE `integration` ENABLE KEYS */;
UNLOCK TABLES;

--
-- Table structure for table `job`
--

DROP TABLE IF EXISTS `job`;
/*!40101 SET @saved_cs_client     = @@character_set_client */;
/*!40101 SET character_set_client = utf8mb4 */;
CREATE TABLE `job` (
  `id` varchar(17) CHARACTER SET utf8mb4 COLLATE utf8mb4_unicode_ci NOT NULL,
  `name` varchar(255) CHARACTER SET utf8mb4 COLLATE utf8mb4_unicode_ci DEFAULT NULL,
  `deleted` tinyint(1) DEFAULT 0,
  `status` varchar(16) CHARACTER SET utf8mb4 COLLATE utf8mb4_unicode_ci DEFAULT 'Pending',
  `execute_time` datetime DEFAULT NULL,
  `number` bigint(20) unsigned NOT NULL AUTO_INCREMENT,
  `class_name` varchar(255) CHARACTER SET utf8mb4 COLLATE utf8mb4_unicode_ci DEFAULT NULL,
  `service_name` varchar(100) CHARACTER SET utf8mb4 COLLATE utf8mb4_unicode_ci DEFAULT NULL,
  `method_name` varchar(100) CHARACTER SET utf8mb4 COLLATE utf8mb4_unicode_ci DEFAULT NULL,
  `job` varchar(255) CHARACTER SET utf8mb4 COLLATE utf8mb4_unicode_ci DEFAULT NULL,
  `data` mediumtext CHARACTER SET utf8mb4 COLLATE utf8mb4_unicode_ci DEFAULT NULL,
  `queue` varchar(36) CHARACTER SET utf8mb4 COLLATE utf8mb4_unicode_ci DEFAULT NULL,
  `group` varchar(128) CHARACTER SET utf8mb4 COLLATE utf8mb4_unicode_ci DEFAULT NULL,
  `target_group` varchar(128) CHARACTER SET utf8mb4 COLLATE utf8mb4_unicode_ci DEFAULT NULL,
  `started_at` datetime DEFAULT NULL,
  `executed_at` datetime DEFAULT NULL,
  `pid` int(11) DEFAULT NULL,
  `attempts` int(11) DEFAULT NULL,
  `target_id` varchar(48) CHARACTER SET utf8mb4 COLLATE utf8mb4_unicode_ci DEFAULT NULL,
  `target_type` varchar(64) CHARACTER SET utf8mb4 COLLATE utf8mb4_unicode_ci DEFAULT NULL,
  `failed_attempts` int(11) DEFAULT NULL,
  `created_at` datetime DEFAULT NULL,
  `modified_at` datetime DEFAULT NULL,
  `scheduled_job_id` varchar(17) CHARACTER SET utf8mb4 COLLATE utf8mb4_unicode_ci DEFAULT NULL,
  PRIMARY KEY (`id`),
  UNIQUE KEY `UNIQ_NUMBER` (`number`),
  KEY `IDX_EXECUTE_TIME` (`status`,`execute_time`),
  KEY `IDX_STATUS` (`status`,`deleted`),
  KEY `IDX_STATUS_SCHEDULED_JOB_ID` (`status`,`scheduled_job_id`),
  KEY `IDX_SCHEDULED_JOB_ID` (`scheduled_job_id`)
) ENGINE=InnoDB AUTO_INCREMENT=12 DEFAULT CHARSET=utf8mb3 COLLATE=utf8mb3_unicode_ci;
/*!40101 SET character_set_client = @saved_cs_client */;

--
-- Dumping data for table `job`
--

LOCK TABLES `job` WRITE;
/*!40000 ALTER TABLE `job` DISABLE KEYS */;
INSERT INTO `job` VALUES ('690e8cb9117c47ba3','Dummy',0,'Pending','2025-11-08 00:20:09',1,NULL,NULL,NULL,NULL,NULL,NULL,NULL,NULL,NULL,NULL,NULL,1,NULL,NULL,NULL,'2025-11-08 00:20:09','2025-11-08 00:20:09','690e8c6307d37464c'),('6910a3b0a871e77d0','Espo\\Tools\\Stream\\Jobs\\ControlFollowers',0,'Pending','2025-11-09 14:22:40',2,'Espo\\Tools\\Stream\\Jobs\\ControlFollowers',NULL,NULL,NULL,'{\"entityType\":\"Contact\",\"entityId\":\"6910a39462c9be6cc\"}','q1',NULL,NULL,NULL,NULL,NULL,1,NULL,NULL,NULL,'2025-11-09 14:22:40','2025-11-09 14:22:40',NULL),('6910a3ff7203dea33','Espo\\Tools\\Stream\\Jobs\\ControlFollowers',0,'Pending','2025-11-09 14:23:59',3,'Espo\\Tools\\Stream\\Jobs\\ControlFollowers',NULL,NULL,NULL,'{\"entityType\":\"Contact\",\"entityId\":\"6910a3f2a0bdd13a2\"}','q1',NULL,NULL,NULL,NULL,NULL,1,NULL,NULL,NULL,'2025-11-09 14:23:59','2025-11-09 14:23:59',NULL),('6910a5933b600fb51','Espo\\Tools\\Stream\\Jobs\\ControlFollowers',0,'Pending','2025-11-09 14:30:43',4,'Espo\\Tools\\Stream\\Jobs\\ControlFollowers',NULL,NULL,NULL,'{\"entityType\":\"Opportunity\",\"entityId\":\"6910a57c68a6ec318\"}','q1',NULL,NULL,NULL,NULL,NULL,1,NULL,NULL,NULL,'2025-11-09 14:30:43','2025-11-09 14:30:43',NULL),('6910a5fadc358ef8f','Espo\\Tools\\Stream\\Jobs\\ControlFollowers',0,'Pending','2025-11-09 14:32:26',5,'Espo\\Tools\\Stream\\Jobs\\ControlFollowers',NULL,NULL,NULL,'{\"entityType\":\"Opportunity\",\"entityId\":\"6910a5d77a7e1a79c\"}','q1',NULL,NULL,NULL,NULL,NULL,1,NULL,NULL,NULL,'2025-11-09 14:32:26','2025-11-09 14:32:26',NULL),('6910a7cedd70184cb','Espo\\Tools\\Stream\\Jobs\\ControlFollowers',0,'Pending','2025-11-09 14:40:14',6,'Espo\\Tools\\Stream\\Jobs\\ControlFollowers',NULL,NULL,NULL,'{\"entityType\":\"Opportunity\",\"entityId\":\"6910a57c68a6ec318\"}','q1',NULL,NULL,NULL,NULL,NULL,1,NULL,NULL,NULL,'2025-11-09 14:40:14','2025-11-09 14:40:14',NULL),('6910a7e1379c221e8','Espo\\Tools\\Stream\\Jobs\\ControlFollowers',0,'Pending','2025-11-09 14:40:33',7,'Espo\\Tools\\Stream\\Jobs\\ControlFollowers',NULL,NULL,NULL,'{\"entityType\":\"Opportunity\",\"entityId\":\"6910a64215ecdda6e\"}','q1',NULL,NULL,NULL,NULL,NULL,1,NULL,NULL,NULL,'2025-11-09 14:40:33','2025-11-09 14:40:33',NULL),('6910a7e6b04652e36','Espo\\Tools\\Stream\\Jobs\\ControlFollowers',0,'Pending','2025-11-09 14:40:38',8,'Espo\\Tools\\Stream\\Jobs\\ControlFollowers',NULL,NULL,NULL,'{\"entityType\":\"Opportunity\",\"entityId\":\"6910a64215ecdda6e\"}','q1',NULL,NULL,NULL,NULL,NULL,1,NULL,NULL,NULL,'2025-11-09 14:40:38','2025-11-09 14:40:38',NULL),('6910a7f7607d72a2a','Espo\\Tools\\Stream\\Jobs\\ControlFollowers',0,'Pending','2025-11-09 14:40:55',9,'Espo\\Tools\\Stream\\Jobs\\ControlFollowers',NULL,NULL,NULL,'{\"entityType\":\"Contact\",\"entityId\":\"6910a464c157b4c09\"}','q1',NULL,NULL,NULL,NULL,NULL,1,NULL,NULL,NULL,'2025-11-09 14:40:55','2025-11-09 14:40:55',NULL),('6910a7fc3b52b17b7','Espo\\Tools\\Stream\\Jobs\\ControlFollowers',0,'Pending','2025-11-09 14:41:00',10,'Espo\\Tools\\Stream\\Jobs\\ControlFollowers',NULL,NULL,NULL,'{\"entityType\":\"Contact\",\"entityId\":\"6910a464c157b4c09\"}','q1',NULL,NULL,NULL,NULL,NULL,1,NULL,NULL,NULL,'2025-11-09 14:41:00','2025-11-09 14:41:00',NULL),('6910a872819c8b084','Espo\\Tools\\Stream\\Jobs\\ControlFollowers',0,'Pending','2025-11-09 14:42:58',11,'Espo\\Tools\\Stream\\Jobs\\ControlFollowers',NULL,NULL,NULL,'{\"entityType\":\"Contact\",\"entityId\":\"6910a39462c9be6cc\"}','q1',NULL,NULL,NULL,NULL,NULL,1,NULL,NULL,NULL,'2025-11-09 14:42:58','2025-11-09 14:42:58',NULL);
/*!40000 ALTER TABLE `job` ENABLE KEYS */;
UNLOCK TABLES;

--
-- Table structure for table `kanban_order`
--

DROP TABLE IF EXISTS `kanban_order`;
/*!40101 SET @saved_cs_client     = @@character_set_client */;
/*!40101 SET character_set_client = utf8mb4 */;
CREATE TABLE `kanban_order` (
  `id` varchar(17) CHARACTER SET utf8mb4 COLLATE utf8mb4_unicode_ci NOT NULL,
  `deleted` tinyint(1) DEFAULT 0,
  `order` smallint(6) DEFAULT NULL,
  `group` varchar(100) CHARACTER SET utf8mb4 COLLATE utf8mb4_unicode_ci DEFAULT NULL,
  `entity_id` varchar(17) CHARACTER SET utf8mb4 COLLATE utf8mb4_unicode_ci DEFAULT NULL,
  `entity_type` varchar(100) CHARACTER SET utf8mb4 COLLATE utf8mb4_unicode_ci DEFAULT NULL,
  `user_id` varchar(17) CHARACTER SET utf8mb4 COLLATE utf8mb4_unicode_ci DEFAULT NULL,
  PRIMARY KEY (`id`),
  KEY `IDX_ENTITY_USER_ID` (`entity_type`,`entity_id`,`user_id`),
  KEY `IDX_ENTITY_TYPE` (`entity_type`),
  KEY `IDX_ENTITY_TYPE_USER_ID` (`entity_type`,`user_id`),
  KEY `IDX_ENTITY` (`entity_id`,`entity_type`),
  KEY `IDX_USER` (`user_id`)
) ENGINE=InnoDB DEFAULT CHARSET=utf8mb3 COLLATE=utf8mb3_unicode_ci;
/*!40101 SET character_set_client = @saved_cs_client */;

--
-- Dumping data for table `kanban_order`
--

LOCK TABLES `kanban_order` WRITE;
/*!40000 ALTER TABLE `kanban_order` DISABLE KEYS */;
/*!40000 ALTER TABLE `kanban_order` ENABLE KEYS */;
UNLOCK TABLES;

--
-- Table structure for table `knowledge_base_article`
--

DROP TABLE IF EXISTS `knowledge_base_article`;
/*!40101 SET @saved_cs_client     = @@character_set_client */;
/*!40101 SET character_set_client = utf8mb4 */;
CREATE TABLE `knowledge_base_article` (
  `id` varchar(17) CHARACTER SET utf8mb4 COLLATE utf8mb4_unicode_ci NOT NULL,
  `name` varchar(255) CHARACTER SET utf8mb4 COLLATE utf8mb4_unicode_ci DEFAULT NULL,
  `deleted` tinyint(1) DEFAULT 0,
  `status` varchar(255) CHARACTER SET utf8mb4 COLLATE utf8mb4_unicode_ci DEFAULT 'Draft',
  `language` varchar(255) CHARACTER SET utf8mb4 COLLATE utf8mb4_unicode_ci DEFAULT NULL,
  `type` varchar(255) CHARACTER SET utf8mb4 COLLATE utf8mb4_unicode_ci DEFAULT 'Article',
  `publish_date` date DEFAULT NULL,
  `expiration_date` date DEFAULT NULL,
  `order` int(11) DEFAULT NULL,
  `description` mediumtext CHARACTER SET utf8mb4 COLLATE utf8mb4_unicode_ci DEFAULT NULL,
  `created_at` datetime DEFAULT NULL,
  `modified_at` datetime DEFAULT NULL,
  `body` mediumtext CHARACTER SET utf8mb4 COLLATE utf8mb4_unicode_ci DEFAULT NULL,
  `body_plain` mediumtext CHARACTER SET utf8mb4 COLLATE utf8mb4_unicode_ci DEFAULT NULL,
  `created_by_id` varchar(17) CHARACTER SET utf8mb4 COLLATE utf8mb4_unicode_ci DEFAULT NULL,
  `modified_by_id` varchar(17) CHARACTER SET utf8mb4 COLLATE utf8mb4_unicode_ci DEFAULT NULL,
  `assigned_user_id` varchar(17) CHARACTER SET utf8mb4 COLLATE utf8mb4_unicode_ci DEFAULT NULL,
  `version_number` bigint(20) DEFAULT NULL,
  PRIMARY KEY (`id`),
  KEY `IDX_CREATED_BY_ID` (`created_by_id`),
  KEY `IDX_MODIFIED_BY_ID` (`modified_by_id`),
  KEY `IDX_ASSIGNED_USER_ID` (`assigned_user_id`),
  FULLTEXT KEY `IDX_SYSTEM_FULL_TEXT_SEARCH` (`name`,`body_plain`)
) ENGINE=InnoDB DEFAULT CHARSET=utf8mb3 COLLATE=utf8mb3_unicode_ci;
/*!40101 SET character_set_client = @saved_cs_client */;

--
-- Dumping data for table `knowledge_base_article`
--

LOCK TABLES `knowledge_base_article` WRITE;
/*!40000 ALTER TABLE `knowledge_base_article` DISABLE KEYS */;
/*!40000 ALTER TABLE `knowledge_base_article` ENABLE KEYS */;
UNLOCK TABLES;

--
-- Table structure for table `knowledge_base_article_knowledge_base_category`
--

DROP TABLE IF EXISTS `knowledge_base_article_knowledge_base_category`;
/*!40101 SET @saved_cs_client     = @@character_set_client */;
/*!40101 SET character_set_client = utf8mb4 */;
CREATE TABLE `knowledge_base_article_knowledge_base_category` (
  `id` bigint(20) NOT NULL AUTO_INCREMENT,
  `knowledge_base_article_id` varchar(17) CHARACTER SET utf8mb4 COLLATE utf8mb4_unicode_ci DEFAULT NULL,
  `knowledge_base_category_id` varchar(17) CHARACTER SET utf8mb4 COLLATE utf8mb4_unicode_ci DEFAULT NULL,
  `deleted` tinyint(1) DEFAULT 0,
  PRIMARY KEY (`id`),
  UNIQUE KEY `UNIQ_KNOWLEDGE_BASE_ARTICLE_ID_KNOWLEDGE_BASE_CATEGORY_ID` (`knowledge_base_article_id`,`knowledge_base_category_id`),
  KEY `IDX_KNOWLEDGE_BASE_ARTICLE_ID` (`knowledge_base_article_id`),
  KEY `IDX_KNOWLEDGE_BASE_CATEGORY_ID` (`knowledge_base_category_id`)
) ENGINE=InnoDB DEFAULT CHARSET=utf8mb3 COLLATE=utf8mb3_unicode_ci;
/*!40101 SET character_set_client = @saved_cs_client */;

--
-- Dumping data for table `knowledge_base_article_knowledge_base_category`
--

LOCK TABLES `knowledge_base_article_knowledge_base_category` WRITE;
/*!40000 ALTER TABLE `knowledge_base_article_knowledge_base_category` DISABLE KEYS */;
/*!40000 ALTER TABLE `knowledge_base_article_knowledge_base_category` ENABLE KEYS */;
UNLOCK TABLES;

--
-- Table structure for table `knowledge_base_article_portal`
--

DROP TABLE IF EXISTS `knowledge_base_article_portal`;
/*!40101 SET @saved_cs_client     = @@character_set_client */;
/*!40101 SET character_set_client = utf8mb4 */;
CREATE TABLE `knowledge_base_article_portal` (
  `id` bigint(20) NOT NULL AUTO_INCREMENT,
  `portal_id` varchar(17) CHARACTER SET utf8mb4 COLLATE utf8mb4_unicode_ci DEFAULT NULL,
  `knowledge_base_article_id` varchar(17) CHARACTER SET utf8mb4 COLLATE utf8mb4_unicode_ci DEFAULT NULL,
  `deleted` tinyint(1) DEFAULT 0,
  PRIMARY KEY (`id`),
  UNIQUE KEY `UNIQ_PORTAL_ID_KNOWLEDGE_BASE_ARTICLE_ID` (`portal_id`,`knowledge_base_article_id`),
  KEY `IDX_PORTAL_ID` (`portal_id`),
  KEY `IDX_KNOWLEDGE_BASE_ARTICLE_ID` (`knowledge_base_article_id`)
) ENGINE=InnoDB DEFAULT CHARSET=utf8mb3 COLLATE=utf8mb3_unicode_ci;
/*!40101 SET character_set_client = @saved_cs_client */;

--
-- Dumping data for table `knowledge_base_article_portal`
--

LOCK TABLES `knowledge_base_article_portal` WRITE;
/*!40000 ALTER TABLE `knowledge_base_article_portal` DISABLE KEYS */;
/*!40000 ALTER TABLE `knowledge_base_article_portal` ENABLE KEYS */;
UNLOCK TABLES;

--
-- Table structure for table `knowledge_base_category`
--

DROP TABLE IF EXISTS `knowledge_base_category`;
/*!40101 SET @saved_cs_client     = @@character_set_client */;
/*!40101 SET character_set_client = utf8mb4 */;
CREATE TABLE `knowledge_base_category` (
  `id` varchar(17) CHARACTER SET utf8mb4 COLLATE utf8mb4_unicode_ci NOT NULL,
  `name` varchar(255) CHARACTER SET utf8mb4 COLLATE utf8mb4_unicode_ci DEFAULT NULL,
  `deleted` tinyint(1) DEFAULT 0,
  `description` mediumtext CHARACTER SET utf8mb4 COLLATE utf8mb4_unicode_ci DEFAULT NULL,
  `created_at` datetime DEFAULT NULL,
  `modified_at` datetime DEFAULT NULL,
  `order` int(11) DEFAULT NULL,
  `created_by_id` varchar(17) CHARACTER SET utf8mb4 COLLATE utf8mb4_unicode_ci DEFAULT NULL,
  `modified_by_id` varchar(17) CHARACTER SET utf8mb4 COLLATE utf8mb4_unicode_ci DEFAULT NULL,
  `parent_id` varchar(17) CHARACTER SET utf8mb4 COLLATE utf8mb4_unicode_ci DEFAULT NULL,
  PRIMARY KEY (`id`),
  KEY `IDX_CREATED_BY_ID` (`created_by_id`),
  KEY `IDX_MODIFIED_BY_ID` (`modified_by_id`),
  KEY `IDX_PARENT_ID` (`parent_id`)
) ENGINE=InnoDB DEFAULT CHARSET=utf8mb3 COLLATE=utf8mb3_unicode_ci;
/*!40101 SET character_set_client = @saved_cs_client */;

--
-- Dumping data for table `knowledge_base_category`
--

LOCK TABLES `knowledge_base_category` WRITE;
/*!40000 ALTER TABLE `knowledge_base_category` DISABLE KEYS */;
/*!40000 ALTER TABLE `knowledge_base_category` ENABLE KEYS */;
UNLOCK TABLES;

--
-- Table structure for table `knowledge_base_category_path`
--

DROP TABLE IF EXISTS `knowledge_base_category_path`;
/*!40101 SET @saved_cs_client     = @@character_set_client */;
/*!40101 SET character_set_client = utf8mb4 */;
CREATE TABLE `knowledge_base_category_path` (
  `id` int(11) NOT NULL AUTO_INCREMENT,
  `ascendor_id` varchar(17) CHARACTER SET utf8mb4 COLLATE utf8mb4_unicode_ci DEFAULT NULL,
  `descendor_id` varchar(17) CHARACTER SET utf8mb4 COLLATE utf8mb4_unicode_ci DEFAULT NULL,
  PRIMARY KEY (`id`),
  KEY `IDX_ASCENDOR_ID` (`ascendor_id`),
  KEY `IDX_DESCENDOR_ID` (`descendor_id`)
) ENGINE=InnoDB DEFAULT CHARSET=utf8mb3 COLLATE=utf8mb3_unicode_ci;
/*!40101 SET character_set_client = @saved_cs_client */;

--
-- Dumping data for table `knowledge_base_category_path`
--

LOCK TABLES `knowledge_base_category_path` WRITE;
/*!40000 ALTER TABLE `knowledge_base_category_path` DISABLE KEYS */;
/*!40000 ALTER TABLE `knowledge_base_category_path` ENABLE KEYS */;
UNLOCK TABLES;

--
-- Table structure for table `layout_record`
--

DROP TABLE IF EXISTS `layout_record`;
/*!40101 SET @saved_cs_client     = @@character_set_client */;
/*!40101 SET character_set_client = utf8mb4 */;
CREATE TABLE `layout_record` (
  `id` varchar(17) CHARACTER SET utf8mb4 COLLATE utf8mb4_unicode_ci NOT NULL,
  `name` varchar(255) CHARACTER SET utf8mb4 COLLATE utf8mb4_unicode_ci DEFAULT NULL,
  `deleted` tinyint(1) DEFAULT 0,
  `data` mediumtext CHARACTER SET utf8mb4 COLLATE utf8mb4_unicode_ci DEFAULT NULL,
  `layout_set_id` varchar(17) CHARACTER SET utf8mb4 COLLATE utf8mb4_unicode_ci DEFAULT NULL,
  PRIMARY KEY (`id`),
  KEY `IDX_NAME_LAYOUT_SET_ID` (`name`,`layout_set_id`),
  KEY `IDX_LAYOUT_SET_ID` (`layout_set_id`)
) ENGINE=InnoDB DEFAULT CHARSET=utf8mb3 COLLATE=utf8mb3_unicode_ci;
/*!40101 SET character_set_client = @saved_cs_client */;

--
-- Dumping data for table `layout_record`
--

LOCK TABLES `layout_record` WRITE;
/*!40000 ALTER TABLE `layout_record` DISABLE KEYS */;
/*!40000 ALTER TABLE `layout_record` ENABLE KEYS */;
UNLOCK TABLES;

--
-- Table structure for table `layout_set`
--

DROP TABLE IF EXISTS `layout_set`;
/*!40101 SET @saved_cs_client     = @@character_set_client */;
/*!40101 SET character_set_client = utf8mb4 */;
CREATE TABLE `layout_set` (
  `id` varchar(17) CHARACTER SET utf8mb4 COLLATE utf8mb4_unicode_ci NOT NULL,
  `name` varchar(100) CHARACTER SET utf8mb4 COLLATE utf8mb4_unicode_ci DEFAULT NULL,
  `deleted` tinyint(1) DEFAULT 0,
  `layout_list` mediumtext CHARACTER SET utf8mb4 COLLATE utf8mb4_unicode_ci DEFAULT NULL,
  `created_at` datetime DEFAULT NULL,
  `modified_at` datetime DEFAULT NULL,
  PRIMARY KEY (`id`)
) ENGINE=InnoDB DEFAULT CHARSET=utf8mb3 COLLATE=utf8mb3_unicode_ci;
/*!40101 SET character_set_client = @saved_cs_client */;

--
-- Dumping data for table `layout_set`
--

LOCK TABLES `layout_set` WRITE;
/*!40000 ALTER TABLE `layout_set` DISABLE KEYS */;
/*!40000 ALTER TABLE `layout_set` ENABLE KEYS */;
UNLOCK TABLES;

--
-- Table structure for table `lead`
--

DROP TABLE IF EXISTS `lead`;
/*!40101 SET @saved_cs_client     = @@character_set_client */;
/*!40101 SET character_set_client = utf8mb4 */;
CREATE TABLE `lead` (
  `id` varchar(17) CHARACTER SET utf8mb4 COLLATE utf8mb4_unicode_ci NOT NULL,
  `deleted` tinyint(1) DEFAULT 0,
  `salutation_name` varchar(255) CHARACTER SET utf8mb4 COLLATE utf8mb4_unicode_ci DEFAULT NULL,
  `first_name` varchar(100) CHARACTER SET utf8mb4 COLLATE utf8mb4_unicode_ci DEFAULT NULL,
  `last_name` varchar(100) CHARACTER SET utf8mb4 COLLATE utf8mb4_unicode_ci DEFAULT NULL,
  `title` varchar(100) CHARACTER SET utf8mb4 COLLATE utf8mb4_unicode_ci DEFAULT NULL,
  `status` varchar(255) CHARACTER SET utf8mb4 COLLATE utf8mb4_unicode_ci DEFAULT 'New',
  `source` varchar(255) CHARACTER SET utf8mb4 COLLATE utf8mb4_unicode_ci DEFAULT NULL,
  `industry` varchar(255) CHARACTER SET utf8mb4 COLLATE utf8mb4_unicode_ci DEFAULT NULL,
  `opportunity_amount` double DEFAULT NULL,
  `website` varchar(255) CHARACTER SET utf8mb4 COLLATE utf8mb4_unicode_ci DEFAULT NULL,
  `address_street` varchar(255) CHARACTER SET utf8mb4 COLLATE utf8mb4_unicode_ci DEFAULT NULL,
  `address_city` varchar(100) CHARACTER SET utf8mb4 COLLATE utf8mb4_unicode_ci DEFAULT NULL,
  `address_state` varchar(100) CHARACTER SET utf8mb4 COLLATE utf8mb4_unicode_ci DEFAULT NULL,
  `address_country` varchar(100) CHARACTER SET utf8mb4 COLLATE utf8mb4_unicode_ci DEFAULT NULL,
  `address_postal_code` varchar(40) CHARACTER SET utf8mb4 COLLATE utf8mb4_unicode_ci DEFAULT NULL,
  `do_not_call` tinyint(1) NOT NULL DEFAULT 0,
  `description` mediumtext CHARACTER SET utf8mb4 COLLATE utf8mb4_unicode_ci DEFAULT NULL,
  `converted_at` datetime DEFAULT NULL,
  `created_at` datetime DEFAULT NULL,
  `modified_at` datetime DEFAULT NULL,
  `account_name` varchar(255) CHARACTER SET utf8mb4 COLLATE utf8mb4_unicode_ci DEFAULT NULL,
  `middle_name` varchar(100) CHARACTER SET utf8mb4 COLLATE utf8mb4_unicode_ci DEFAULT NULL,
  `opportunity_amount_currency` varchar(3) CHARACTER SET utf8mb4 COLLATE utf8mb4_unicode_ci DEFAULT NULL,
  `stream_updated_at` datetime DEFAULT NULL,
  `created_by_id` varchar(17) CHARACTER SET utf8mb4 COLLATE utf8mb4_unicode_ci DEFAULT NULL,
  `modified_by_id` varchar(17) CHARACTER SET utf8mb4 COLLATE utf8mb4_unicode_ci DEFAULT NULL,
  `assigned_user_id` varchar(17) CHARACTER SET utf8mb4 COLLATE utf8mb4_unicode_ci DEFAULT NULL,
  `campaign_id` varchar(17) CHARACTER SET utf8mb4 COLLATE utf8mb4_unicode_ci DEFAULT NULL,
  `created_account_id` varchar(17) CHARACTER SET utf8mb4 COLLATE utf8mb4_unicode_ci DEFAULT NULL,
  `created_contact_id` varchar(17) CHARACTER SET utf8mb4 COLLATE utf8mb4_unicode_ci DEFAULT NULL,
  `created_opportunity_id` varchar(17) CHARACTER SET utf8mb4 COLLATE utf8mb4_unicode_ci DEFAULT NULL,
  PRIMARY KEY (`id`),
  UNIQUE KEY `UNIQ_CREATED_AT_ID` (`created_at`,`id`),
  KEY `IDX_FIRST_NAME` (`first_name`,`deleted`),
  KEY `IDX_NAME` (`first_name`,`last_name`),
  KEY `IDX_STATUS` (`status`,`deleted`),
  KEY `IDX_CREATED_AT` (`created_at`,`deleted`),
  KEY `IDX_CREATED_AT_STATUS` (`created_at`,`status`),
  KEY `IDX_ASSIGNED_USER` (`assigned_user_id`,`deleted`),
  KEY `IDX_ASSIGNED_USER_STATUS` (`assigned_user_id`,`status`),
  KEY `IDX_CREATED_BY_ID` (`created_by_id`),
  KEY `IDX_MODIFIED_BY_ID` (`modified_by_id`),
  KEY `IDX_ASSIGNED_USER_ID` (`assigned_user_id`),
  KEY `IDX_CAMPAIGN_ID` (`campaign_id`),
  KEY `IDX_CREATED_ACCOUNT_ID` (`created_account_id`),
  KEY `IDX_CREATED_CONTACT_ID` (`created_contact_id`),
  KEY `IDX_CREATED_OPPORTUNITY_ID` (`created_opportunity_id`)
) ENGINE=InnoDB DEFAULT CHARSET=utf8mb3 COLLATE=utf8mb3_unicode_ci;
/*!40101 SET character_set_client = @saved_cs_client */;

--
-- Dumping data for table `lead`
--

LOCK TABLES `lead` WRITE;
/*!40000 ALTER TABLE `lead` DISABLE KEYS */;
/*!40000 ALTER TABLE `lead` ENABLE KEYS */;
UNLOCK TABLES;

--
-- Table structure for table `lead_capture`
--

DROP TABLE IF EXISTS `lead_capture`;
/*!40101 SET @saved_cs_client     = @@character_set_client */;
/*!40101 SET character_set_client = utf8mb4 */;
CREATE TABLE `lead_capture` (
  `id` varchar(17) CHARACTER SET utf8mb4 COLLATE utf8mb4_unicode_ci NOT NULL,
  `name` varchar(100) CHARACTER SET utf8mb4 COLLATE utf8mb4_unicode_ci DEFAULT NULL,
  `deleted` tinyint(1) DEFAULT 0,
  `is_active` tinyint(1) NOT NULL DEFAULT 1,
  `subscribe_to_target_list` tinyint(1) NOT NULL DEFAULT 1,
  `subscribe_contact_to_target_list` tinyint(1) NOT NULL DEFAULT 1,
  `field_list` mediumtext CHARACTER SET utf8mb4 COLLATE utf8mb4_unicode_ci DEFAULT '["firstName","lastName","emailAddress"]',
  `field_params` mediumtext CHARACTER SET utf8mb4 COLLATE utf8mb4_unicode_ci DEFAULT NULL,
  `duplicate_check` tinyint(1) NOT NULL DEFAULT 1,
  `opt_in_confirmation` tinyint(1) NOT NULL DEFAULT 0,
  `opt_in_confirmation_lifetime` int(11) DEFAULT 48,
  `opt_in_confirmation_success_message` mediumtext CHARACTER SET utf8mb4 COLLATE utf8mb4_unicode_ci DEFAULT NULL,
  `create_lead_before_opt_in_confirmation` tinyint(1) NOT NULL DEFAULT 0,
  `skip_opt_in_confirmation_if_subscribed` tinyint(1) NOT NULL DEFAULT 0,
  `lead_source` varchar(255) CHARACTER SET utf8mb4 COLLATE utf8mb4_unicode_ci DEFAULT 'Web Site',
  `api_key` varchar(36) CHARACTER SET utf8mb4 COLLATE utf8mb4_unicode_ci DEFAULT NULL,
  `form_id` varchar(17) CHARACTER SET utf8mb4 COLLATE utf8mb4_unicode_ci DEFAULT NULL,
  `form_enabled` tinyint(1) NOT NULL DEFAULT 0,
  `form_title` varchar(80) CHARACTER SET utf8mb4 COLLATE utf8mb4_unicode_ci DEFAULT NULL,
  `form_theme` varchar(64) CHARACTER SET utf8mb4 COLLATE utf8mb4_unicode_ci DEFAULT NULL,
  `form_text` mediumtext CHARACTER SET utf8mb4 COLLATE utf8mb4_unicode_ci DEFAULT NULL,
  `form_success_text` mediumtext CHARACTER SET utf8mb4 COLLATE utf8mb4_unicode_ci DEFAULT NULL,
  `form_success_redirect_url` varchar(255) CHARACTER SET utf8mb4 COLLATE utf8mb4_unicode_ci DEFAULT NULL,
  `form_language` varchar(5) CHARACTER SET utf8mb4 COLLATE utf8mb4_unicode_ci DEFAULT NULL,
  `form_frame_ancestors` mediumtext CHARACTER SET utf8mb4 COLLATE utf8mb4_unicode_ci DEFAULT NULL,
  `form_captcha` tinyint(1) NOT NULL DEFAULT 0,
  `phone_number_country` varchar(2) CHARACTER SET utf8mb4 COLLATE utf8mb4_unicode_ci DEFAULT NULL,
  `created_at` datetime DEFAULT NULL,
  `modified_at` datetime DEFAULT NULL,
  `campaign_id` varchar(17) CHARACTER SET utf8mb4 COLLATE utf8mb4_unicode_ci DEFAULT NULL,
  `target_list_id` varchar(17) CHARACTER SET utf8mb4 COLLATE utf8mb4_unicode_ci DEFAULT NULL,
  `opt_in_confirmation_email_template_id` varchar(17) CHARACTER SET utf8mb4 COLLATE utf8mb4_unicode_ci DEFAULT NULL,
  `target_team_id` varchar(17) CHARACTER SET utf8mb4 COLLATE utf8mb4_unicode_ci DEFAULT NULL,
  `inbound_email_id` varchar(17) CHARACTER SET utf8mb4 COLLATE utf8mb4_unicode_ci DEFAULT NULL,
  `created_by_id` varchar(17) CHARACTER SET utf8mb4 COLLATE utf8mb4_unicode_ci DEFAULT NULL,
  `modified_by_id` varchar(17) CHARACTER SET utf8mb4 COLLATE utf8mb4_unicode_ci DEFAULT NULL,
  PRIMARY KEY (`id`),
  KEY `IDX_CAMPAIGN_ID` (`campaign_id`),
  KEY `IDX_TARGET_LIST_ID` (`target_list_id`),
  KEY `IDX_OPT_IN_CONFIRMATION_EMAIL_TEMPLATE_ID` (`opt_in_confirmation_email_template_id`),
  KEY `IDX_TARGET_TEAM_ID` (`target_team_id`),
  KEY `IDX_INBOUND_EMAIL_ID` (`inbound_email_id`),
  KEY `IDX_CREATED_BY_ID` (`created_by_id`),
  KEY `IDX_MODIFIED_BY_ID` (`modified_by_id`)
) ENGINE=InnoDB DEFAULT CHARSET=utf8mb3 COLLATE=utf8mb3_unicode_ci;
/*!40101 SET character_set_client = @saved_cs_client */;

--
-- Dumping data for table `lead_capture`
--

LOCK TABLES `lead_capture` WRITE;
/*!40000 ALTER TABLE `lead_capture` DISABLE KEYS */;
/*!40000 ALTER TABLE `lead_capture` ENABLE KEYS */;
UNLOCK TABLES;

--
-- Table structure for table `lead_capture_log_record`
--

DROP TABLE IF EXISTS `lead_capture_log_record`;
/*!40101 SET @saved_cs_client     = @@character_set_client */;
/*!40101 SET character_set_client = utf8mb4 */;
CREATE TABLE `lead_capture_log_record` (
  `id` varchar(17) CHARACTER SET utf8mb4 COLLATE utf8mb4_unicode_ci NOT NULL,
  `deleted` tinyint(1) DEFAULT 0,
  `number` int(10) unsigned NOT NULL AUTO_INCREMENT,
  `data` mediumtext CHARACTER SET utf8mb4 COLLATE utf8mb4_unicode_ci DEFAULT NULL,
  `is_created` tinyint(1) NOT NULL DEFAULT 0,
  `description` mediumtext CHARACTER SET utf8mb4 COLLATE utf8mb4_unicode_ci DEFAULT NULL,
  `created_at` datetime DEFAULT NULL,
  `lead_capture_id` varchar(17) CHARACTER SET utf8mb4 COLLATE utf8mb4_unicode_ci DEFAULT NULL,
  `target_id` varchar(17) CHARACTER SET utf8mb4 COLLATE utf8mb4_unicode_ci DEFAULT NULL,
  `target_type` varchar(100) CHARACTER SET utf8mb4 COLLATE utf8mb4_unicode_ci DEFAULT NULL,
  PRIMARY KEY (`id`),
  UNIQUE KEY `UNIQ_NUMBER` (`number`),
  KEY `IDX_LEAD_CAPTURE_ID` (`lead_capture_id`),
  KEY `IDX_TARGET` (`target_id`,`target_type`)
) ENGINE=InnoDB DEFAULT CHARSET=utf8mb3 COLLATE=utf8mb3_unicode_ci;
/*!40101 SET character_set_client = @saved_cs_client */;

--
-- Dumping data for table `lead_capture_log_record`
--

LOCK TABLES `lead_capture_log_record` WRITE;
/*!40000 ALTER TABLE `lead_capture_log_record` DISABLE KEYS */;
/*!40000 ALTER TABLE `lead_capture_log_record` ENABLE KEYS */;
UNLOCK TABLES;

--
-- Table structure for table `lead_meeting`
--

DROP TABLE IF EXISTS `lead_meeting`;
/*!40101 SET @saved_cs_client     = @@character_set_client */;
/*!40101 SET character_set_client = utf8mb4 */;
CREATE TABLE `lead_meeting` (
  `id` bigint(20) NOT NULL AUTO_INCREMENT,
  `lead_id` varchar(17) CHARACTER SET utf8mb4 COLLATE utf8mb4_unicode_ci DEFAULT NULL,
  `meeting_id` varchar(17) CHARACTER SET utf8mb4 COLLATE utf8mb4_unicode_ci DEFAULT NULL,
  `status` varchar(36) CHARACTER SET utf8mb4 COLLATE utf8mb4_unicode_ci DEFAULT 'None',
  `deleted` tinyint(1) DEFAULT 0,
  PRIMARY KEY (`id`),
  UNIQUE KEY `UNIQ_LEAD_ID_MEETING_ID` (`lead_id`,`meeting_id`),
  KEY `IDX_LEAD_ID` (`lead_id`),
  KEY `IDX_MEETING_ID` (`meeting_id`)
) ENGINE=InnoDB DEFAULT CHARSET=utf8mb3 COLLATE=utf8mb3_unicode_ci;
/*!40101 SET character_set_client = @saved_cs_client */;

--
-- Dumping data for table `lead_meeting`
--

LOCK TABLES `lead_meeting` WRITE;
/*!40000 ALTER TABLE `lead_meeting` DISABLE KEYS */;
/*!40000 ALTER TABLE `lead_meeting` ENABLE KEYS */;
UNLOCK TABLES;

--
-- Table structure for table `lead_target_list`
--

DROP TABLE IF EXISTS `lead_target_list`;
/*!40101 SET @saved_cs_client     = @@character_set_client */;
/*!40101 SET character_set_client = utf8mb4 */;
CREATE TABLE `lead_target_list` (
  `id` bigint(20) NOT NULL AUTO_INCREMENT,
  `lead_id` varchar(17) CHARACTER SET utf8mb4 COLLATE utf8mb4_unicode_ci DEFAULT NULL,
  `target_list_id` varchar(17) CHARACTER SET utf8mb4 COLLATE utf8mb4_unicode_ci DEFAULT NULL,
  `opted_out` tinyint(1) DEFAULT 0,
  `deleted` tinyint(1) DEFAULT 0,
  PRIMARY KEY (`id`),
  UNIQUE KEY `UNIQ_LEAD_ID_TARGET_LIST_ID` (`lead_id`,`target_list_id`),
  KEY `IDX_LEAD_ID` (`lead_id`),
  KEY `IDX_TARGET_LIST_ID` (`target_list_id`)
) ENGINE=InnoDB DEFAULT CHARSET=utf8mb3 COLLATE=utf8mb3_unicode_ci;
/*!40101 SET character_set_client = @saved_cs_client */;

--
-- Dumping data for table `lead_target_list`
--

LOCK TABLES `lead_target_list` WRITE;
/*!40000 ALTER TABLE `lead_target_list` DISABLE KEYS */;
/*!40000 ALTER TABLE `lead_target_list` ENABLE KEYS */;
UNLOCK TABLES;

--
-- Table structure for table `mass_action`
--

DROP TABLE IF EXISTS `mass_action`;
/*!40101 SET @saved_cs_client     = @@character_set_client */;
/*!40101 SET character_set_client = utf8mb4 */;
CREATE TABLE `mass_action` (
  `id` varchar(17) CHARACTER SET utf8mb4 COLLATE utf8mb4_unicode_ci NOT NULL,
  `deleted` tinyint(1) DEFAULT 0,
  `entity_type` varchar(255) CHARACTER SET utf8mb4 COLLATE utf8mb4_unicode_ci DEFAULT NULL,
  `action` varchar(255) CHARACTER SET utf8mb4 COLLATE utf8mb4_unicode_ci DEFAULT NULL,
  `status` varchar(255) CHARACTER SET utf8mb4 COLLATE utf8mb4_unicode_ci DEFAULT 'Pending',
  `data` mediumtext CHARACTER SET utf8mb4 COLLATE utf8mb4_unicode_ci DEFAULT NULL,
  `params` mediumtext CHARACTER SET utf8mb4 COLLATE utf8mb4_unicode_ci DEFAULT NULL,
  `created_at` datetime DEFAULT NULL,
  `processed_count` int(11) DEFAULT NULL,
  `notify_on_finish` tinyint(1) NOT NULL DEFAULT 0,
  `created_by_id` varchar(17) CHARACTER SET utf8mb4 COLLATE utf8mb4_unicode_ci DEFAULT NULL,
  PRIMARY KEY (`id`),
  KEY `IDX_CREATED_BY_ID` (`created_by_id`)
) ENGINE=InnoDB DEFAULT CHARSET=utf8mb3 COLLATE=utf8mb3_unicode_ci;
/*!40101 SET character_set_client = @saved_cs_client */;

--
-- Dumping data for table `mass_action`
--

LOCK TABLES `mass_action` WRITE;
/*!40000 ALTER TABLE `mass_action` DISABLE KEYS */;
/*!40000 ALTER TABLE `mass_action` ENABLE KEYS */;
UNLOCK TABLES;

--
-- Table structure for table `mass_email`
--

DROP TABLE IF EXISTS `mass_email`;
/*!40101 SET @saved_cs_client     = @@character_set_client */;
/*!40101 SET character_set_client = utf8mb4 */;
CREATE TABLE `mass_email` (
  `id` varchar(17) CHARACTER SET utf8mb4 COLLATE utf8mb4_unicode_ci NOT NULL,
  `name` varchar(255) CHARACTER SET utf8mb4 COLLATE utf8mb4_unicode_ci DEFAULT NULL,
  `deleted` tinyint(1) DEFAULT 0,
  `status` varchar(255) CHARACTER SET utf8mb4 COLLATE utf8mb4_unicode_ci DEFAULT 'Pending',
  `store_sent_emails` tinyint(1) NOT NULL DEFAULT 0,
  `opt_out_entirely` tinyint(1) NOT NULL DEFAULT 0,
  `from_address` varchar(255) CHARACTER SET utf8mb4 COLLATE utf8mb4_unicode_ci DEFAULT NULL,
  `from_name` varchar(255) CHARACTER SET utf8mb4 COLLATE utf8mb4_unicode_ci DEFAULT NULL,
  `reply_to_address` varchar(255) CHARACTER SET utf8mb4 COLLATE utf8mb4_unicode_ci DEFAULT NULL,
  `reply_to_name` varchar(255) CHARACTER SET utf8mb4 COLLATE utf8mb4_unicode_ci DEFAULT NULL,
  `start_at` datetime DEFAULT NULL,
  `created_at` datetime DEFAULT NULL,
  `modified_at` datetime DEFAULT NULL,
  `email_template_id` varchar(17) CHARACTER SET utf8mb4 COLLATE utf8mb4_unicode_ci DEFAULT NULL,
  `campaign_id` varchar(17) CHARACTER SET utf8mb4 COLLATE utf8mb4_unicode_ci DEFAULT NULL,
  `inbound_email_id` varchar(17) CHARACTER SET utf8mb4 COLLATE utf8mb4_unicode_ci DEFAULT NULL,
  `created_by_id` varchar(17) CHARACTER SET utf8mb4 COLLATE utf8mb4_unicode_ci DEFAULT NULL,
  `modified_by_id` varchar(17) CHARACTER SET utf8mb4 COLLATE utf8mb4_unicode_ci DEFAULT NULL,
  PRIMARY KEY (`id`),
  KEY `IDX_EMAIL_TEMPLATE_ID` (`email_template_id`),
  KEY `IDX_CAMPAIGN_ID` (`campaign_id`),
  KEY `IDX_INBOUND_EMAIL_ID` (`inbound_email_id`),
  KEY `IDX_CREATED_BY_ID` (`created_by_id`),
  KEY `IDX_MODIFIED_BY_ID` (`modified_by_id`)
) ENGINE=InnoDB DEFAULT CHARSET=utf8mb3 COLLATE=utf8mb3_unicode_ci;
/*!40101 SET character_set_client = @saved_cs_client */;

--
-- Dumping data for table `mass_email`
--

LOCK TABLES `mass_email` WRITE;
/*!40000 ALTER TABLE `mass_email` DISABLE KEYS */;
/*!40000 ALTER TABLE `mass_email` ENABLE KEYS */;
UNLOCK TABLES;

--
-- Table structure for table `mass_email_target_list`
--

DROP TABLE IF EXISTS `mass_email_target_list`;
/*!40101 SET @saved_cs_client     = @@character_set_client */;
/*!40101 SET character_set_client = utf8mb4 */;
CREATE TABLE `mass_email_target_list` (
  `id` bigint(20) NOT NULL AUTO_INCREMENT,
  `mass_email_id` varchar(17) CHARACTER SET utf8mb4 COLLATE utf8mb4_unicode_ci DEFAULT NULL,
  `target_list_id` varchar(17) CHARACTER SET utf8mb4 COLLATE utf8mb4_unicode_ci DEFAULT NULL,
  `deleted` tinyint(1) DEFAULT 0,
  PRIMARY KEY (`id`),
  UNIQUE KEY `UNIQ_MASS_EMAIL_ID_TARGET_LIST_ID` (`mass_email_id`,`target_list_id`),
  KEY `IDX_MASS_EMAIL_ID` (`mass_email_id`),
  KEY `IDX_TARGET_LIST_ID` (`target_list_id`)
) ENGINE=InnoDB DEFAULT CHARSET=utf8mb3 COLLATE=utf8mb3_unicode_ci;
/*!40101 SET character_set_client = @saved_cs_client */;

--
-- Dumping data for table `mass_email_target_list`
--

LOCK TABLES `mass_email_target_list` WRITE;
/*!40000 ALTER TABLE `mass_email_target_list` DISABLE KEYS */;
/*!40000 ALTER TABLE `mass_email_target_list` ENABLE KEYS */;
UNLOCK TABLES;

--
-- Table structure for table `mass_email_target_list_excluding`
--

DROP TABLE IF EXISTS `mass_email_target_list_excluding`;
/*!40101 SET @saved_cs_client     = @@character_set_client */;
/*!40101 SET character_set_client = utf8mb4 */;
CREATE TABLE `mass_email_target_list_excluding` (
  `id` bigint(20) NOT NULL AUTO_INCREMENT,
  `mass_email_id` varchar(17) CHARACTER SET utf8mb4 COLLATE utf8mb4_unicode_ci DEFAULT NULL,
  `target_list_id` varchar(17) CHARACTER SET utf8mb4 COLLATE utf8mb4_unicode_ci DEFAULT NULL,
  `deleted` tinyint(1) DEFAULT 0,
  PRIMARY KEY (`id`),
  UNIQUE KEY `UNIQ_MASS_EMAIL_ID_TARGET_LIST_ID` (`mass_email_id`,`target_list_id`),
  KEY `IDX_MASS_EMAIL_ID` (`mass_email_id`),
  KEY `IDX_TARGET_LIST_ID` (`target_list_id`)
) ENGINE=InnoDB DEFAULT CHARSET=utf8mb3 COLLATE=utf8mb3_unicode_ci;
/*!40101 SET character_set_client = @saved_cs_client */;

--
-- Dumping data for table `mass_email_target_list_excluding`
--

LOCK TABLES `mass_email_target_list_excluding` WRITE;
/*!40000 ALTER TABLE `mass_email_target_list_excluding` DISABLE KEYS */;
/*!40000 ALTER TABLE `mass_email_target_list_excluding` ENABLE KEYS */;
UNLOCK TABLES;

--
-- Table structure for table `meeting`
--

DROP TABLE IF EXISTS `meeting`;
/*!40101 SET @saved_cs_client     = @@character_set_client */;
/*!40101 SET character_set_client = utf8mb4 */;
CREATE TABLE `meeting` (
  `id` varchar(17) CHARACTER SET utf8mb4 COLLATE utf8mb4_unicode_ci NOT NULL,
  `name` varchar(255) CHARACTER SET utf8mb4 COLLATE utf8mb4_unicode_ci DEFAULT NULL,
  `deleted` tinyint(1) DEFAULT 0,
  `status` varchar(255) CHARACTER SET utf8mb4 COLLATE utf8mb4_unicode_ci DEFAULT 'Planned',
  `date_start` datetime DEFAULT NULL,
  `date_end` datetime DEFAULT NULL,
  `is_all_day` tinyint(1) NOT NULL DEFAULT 0,
  `description` mediumtext CHARACTER SET utf8mb4 COLLATE utf8mb4_unicode_ci DEFAULT NULL,
  `uid` varchar(255) CHARACTER SET utf8mb4 COLLATE utf8mb4_unicode_ci DEFAULT NULL,
  `join_url` text CHARACTER SET utf8mb4 COLLATE utf8mb4_unicode_ci DEFAULT NULL,
  `created_at` datetime DEFAULT NULL,
  `modified_at` datetime DEFAULT NULL,
  `date_start_date` date DEFAULT NULL,
  `date_end_date` date DEFAULT NULL,
  `stream_updated_at` datetime DEFAULT NULL,
  `parent_id` varchar(17) CHARACTER SET utf8mb4 COLLATE utf8mb4_unicode_ci DEFAULT NULL,
  `parent_type` varchar(100) CHARACTER SET utf8mb4 COLLATE utf8mb4_unicode_ci DEFAULT NULL,
  `account_id` varchar(17) CHARACTER SET utf8mb4 COLLATE utf8mb4_unicode_ci DEFAULT NULL,
  `created_by_id` varchar(17) CHARACTER SET utf8mb4 COLLATE utf8mb4_unicode_ci DEFAULT NULL,
  `modified_by_id` varchar(17) CHARACTER SET utf8mb4 COLLATE utf8mb4_unicode_ci DEFAULT NULL,
  `assigned_user_id` varchar(17) CHARACTER SET utf8mb4 COLLATE utf8mb4_unicode_ci DEFAULT NULL,
  PRIMARY KEY (`id`),
  KEY `IDX_DATE_START_STATUS` (`date_start`,`status`),
  KEY `IDX_DATE_START` (`date_start`,`deleted`),
  KEY `IDX_STATUS` (`status`,`deleted`),
  KEY `IDX_ASSIGNED_USER` (`assigned_user_id`,`deleted`),
  KEY `IDX_ASSIGNED_USER_STATUS` (`assigned_user_id`,`status`),
  KEY `IDX_UID` (`uid`),
  KEY `IDX_PARENT` (`parent_id`,`parent_type`),
  KEY `IDX_ACCOUNT_ID` (`account_id`),
  KEY `IDX_CREATED_BY_ID` (`created_by_id`),
  KEY `IDX_MODIFIED_BY_ID` (`modified_by_id`),
  KEY `IDX_ASSIGNED_USER_ID` (`assigned_user_id`)
) ENGINE=InnoDB DEFAULT CHARSET=utf8mb3 COLLATE=utf8mb3_unicode_ci;
/*!40101 SET character_set_client = @saved_cs_client */;

--
-- Dumping data for table `meeting`
--

LOCK TABLES `meeting` WRITE;
/*!40000 ALTER TABLE `meeting` DISABLE KEYS */;
/*!40000 ALTER TABLE `meeting` ENABLE KEYS */;
UNLOCK TABLES;

--
-- Table structure for table `meeting_user`
--

DROP TABLE IF EXISTS `meeting_user`;
/*!40101 SET @saved_cs_client     = @@character_set_client */;
/*!40101 SET character_set_client = utf8mb4 */;
CREATE TABLE `meeting_user` (
  `id` bigint(20) NOT NULL AUTO_INCREMENT,
  `user_id` varchar(17) CHARACTER SET utf8mb4 COLLATE utf8mb4_unicode_ci DEFAULT NULL,
  `meeting_id` varchar(17) CHARACTER SET utf8mb4 COLLATE utf8mb4_unicode_ci DEFAULT NULL,
  `status` varchar(36) CHARACTER SET utf8mb4 COLLATE utf8mb4_unicode_ci DEFAULT 'None',
  `deleted` tinyint(1) DEFAULT 0,
  PRIMARY KEY (`id`),
  UNIQUE KEY `UNIQ_USER_ID_MEETING_ID` (`user_id`,`meeting_id`),
  KEY `IDX_USER_ID` (`user_id`),
  KEY `IDX_MEETING_ID` (`meeting_id`)
) ENGINE=InnoDB DEFAULT CHARSET=utf8mb3 COLLATE=utf8mb3_unicode_ci;
/*!40101 SET character_set_client = @saved_cs_client */;

--
-- Dumping data for table `meeting_user`
--

LOCK TABLES `meeting_user` WRITE;
/*!40000 ALTER TABLE `meeting_user` DISABLE KEYS */;
/*!40000 ALTER TABLE `meeting_user` ENABLE KEYS */;
UNLOCK TABLES;

--
-- Table structure for table `next_number`
--

DROP TABLE IF EXISTS `next_number`;
/*!40101 SET @saved_cs_client     = @@character_set_client */;
/*!40101 SET character_set_client = utf8mb4 */;
CREATE TABLE `next_number` (
  `id` varchar(17) CHARACTER SET utf8mb4 COLLATE utf8mb4_unicode_ci NOT NULL,
  `deleted` tinyint(1) DEFAULT 0,
  `entity_type` varchar(100) CHARACTER SET utf8mb4 COLLATE utf8mb4_unicode_ci DEFAULT NULL,
  `field_name` varchar(100) CHARACTER SET utf8mb4 COLLATE utf8mb4_unicode_ci DEFAULT NULL,
  `value` int(11) DEFAULT 1,
  PRIMARY KEY (`id`),
  KEY `IDX_ENTITY_TYPE_FIELD_NAME` (`entity_type`,`field_name`),
  KEY `IDX_ENTITY_TYPE` (`entity_type`)
) ENGINE=InnoDB DEFAULT CHARSET=utf8mb3 COLLATE=utf8mb3_unicode_ci;
/*!40101 SET character_set_client = @saved_cs_client */;

--
-- Dumping data for table `next_number`
--

LOCK TABLES `next_number` WRITE;
/*!40000 ALTER TABLE `next_number` DISABLE KEYS */;
/*!40000 ALTER TABLE `next_number` ENABLE KEYS */;
UNLOCK TABLES;

--
-- Table structure for table `note`
--

DROP TABLE IF EXISTS `note`;
/*!40101 SET @saved_cs_client     = @@character_set_client */;
/*!40101 SET character_set_client = utf8mb4 */;
CREATE TABLE `note` (
  `id` varchar(17) CHARACTER SET utf8mb4 COLLATE utf8mb4_unicode_ci NOT NULL,
  `deleted` tinyint(1) DEFAULT 0,
  `post` mediumtext CHARACTER SET utf8mb4 COLLATE utf8mb4_unicode_ci DEFAULT NULL,
  `data` mediumtext CHARACTER SET utf8mb4 COLLATE utf8mb4_unicode_ci DEFAULT NULL,
  `type` varchar(24) CHARACTER SET utf8mb4 COLLATE utf8mb4_unicode_ci DEFAULT 'Post',
  `target_type` varchar(7) CHARACTER SET utf8mb4 COLLATE utf8mb4_unicode_ci DEFAULT NULL,
  `number` bigint(20) unsigned NOT NULL AUTO_INCREMENT,
  `is_global` tinyint(1) NOT NULL DEFAULT 0,
  `is_internal` tinyint(1) NOT NULL DEFAULT 0,
  `is_pinned` tinyint(1) NOT NULL DEFAULT 0,
  `created_at` datetime DEFAULT NULL,
  `modified_at` datetime DEFAULT NULL,
  `parent_id` varchar(17) CHARACTER SET utf8mb4 COLLATE utf8mb4_unicode_ci DEFAULT NULL,
  `parent_type` varchar(100) CHARACTER SET utf8mb4 COLLATE utf8mb4_unicode_ci DEFAULT NULL,
  `related_id` varchar(17) CHARACTER SET utf8mb4 COLLATE utf8mb4_unicode_ci DEFAULT NULL,
  `related_type` varchar(100) CHARACTER SET utf8mb4 COLLATE utf8mb4_unicode_ci DEFAULT NULL,
  `created_by_id` varchar(17) CHARACTER SET utf8mb4 COLLATE utf8mb4_unicode_ci DEFAULT NULL,
  `modified_by_id` varchar(17) CHARACTER SET utf8mb4 COLLATE utf8mb4_unicode_ci DEFAULT NULL,
  `super_parent_id` varchar(17) CHARACTER SET utf8mb4 COLLATE utf8mb4_unicode_ci DEFAULT NULL,
  `super_parent_type` varchar(100) CHARACTER SET utf8mb4 COLLATE utf8mb4_unicode_ci DEFAULT NULL,
  PRIMARY KEY (`id`),
  UNIQUE KEY `UNIQ_NUMBER` (`number`),
  KEY `IDX_CREATED_AT` (`created_at`),
  KEY `IDX_CREATED_BY_NUMBER` (`created_by_id`,`number`),
  KEY `IDX_TYPE` (`type`),
  KEY `IDX_TARGET_TYPE` (`target_type`),
  KEY `IDX_PARENT_ID` (`parent_id`),
  KEY `IDX_PARENT_TYPE` (`parent_type`),
  KEY `IDX_RELATED_ID` (`related_id`),
  KEY `IDX_RELATED_TYPE` (`related_type`),
  KEY `IDX_SUPER_PARENT_TYPE` (`super_parent_type`),
  KEY `IDX_SUPER_PARENT_ID` (`super_parent_id`),
  KEY `IDX_PARENT` (`parent_id`,`parent_type`),
  KEY `IDX_RELATED` (`related_id`,`related_type`),
  KEY `IDX_CREATED_BY_ID` (`created_by_id`),
  KEY `IDX_MODIFIED_BY_ID` (`modified_by_id`),
  KEY `IDX_SUPER_PARENT` (`super_parent_id`,`super_parent_type`),
  FULLTEXT KEY `IDX_SYSTEM_FULL_TEXT_SEARCH` (`post`)
) ENGINE=InnoDB AUTO_INCREMENT=19 DEFAULT CHARSET=utf8mb3 COLLATE=utf8mb3_unicode_ci;
/*!40101 SET character_set_client = @saved_cs_client */;

--
-- Dumping data for table `note`
--

LOCK TABLES `note` WRITE;
/*!40000 ALTER TABLE `note` DISABLE KEYS */;
INSERT INTO `note` VALUES ('690e945558b34bd3b',0,NULL,'{\"fields\":[\"data\"],\"attributes\":{\"was\":{\"data\":{\"Currency\":false,\"Webhook\":false,\"ExternalAccount\":false,\"Team\":false,\"Import\":false,\"WorkingTimeCalendar\":true,\"EmailTemplateCategory\":{\"create\":\"yes\",\"read\":\"all\",\"edit\":\"all\",\"delete\":\"all\",\"stream\":\"no\"},\"User\":false,\"EmailAccountScope\":false,\"Template\":{\"create\":\"yes\",\"read\":\"all\",\"edit\":\"all\",\"delete\":\"all\",\"stream\":\"no\"},\"EmailTemplate\":{\"create\":\"yes\",\"read\":\"all\",\"edit\":\"all\",\"delete\":\"all\",\"stream\":\"no\"},\"Email\":{\"create\":\"yes\",\"read\":\"all\",\"edit\":\"all\",\"delete\":\"all\",\"stream\":\"no\"},\"GlobalStream\":true,\"Meeting\":{\"create\":\"yes\",\"read\":\"team\",\"edit\":\"team\",\"delete\":\"no\",\"stream\":\"no\"},\"Activities\":true,\"Document\":{\"create\":\"no\",\"read\":\"team\",\"edit\":\"no\",\"delete\":\"no\",\"stream\":\"no\"},\"Task\":{\"create\":\"yes\",\"read\":\"team\",\"edit\":\"team\",\"delete\":\"no\",\"stream\":\"team\"},\"Call\":false,\"Calendar\":true,\"Campaign\":{\"create\":\"yes\",\"read\":\"all\",\"edit\":\"all\",\"delete\":\"all\",\"stream\":\"no\"},\"KnowledgeBaseCategory\":{\"create\":\"yes\",\"read\":\"team\",\"edit\":\"team\",\"delete\":\"team\",\"stream\":\"no\"},\"Contact\":{\"create\":\"no\",\"read\":\"all\",\"edit\":\"no\",\"delete\":\"no\",\"stream\":\"all\"},\"Account\":{\"create\":\"no\",\"read\":\"all\",\"edit\":\"no\",\"delete\":\"no\",\"stream\":\"all\"},\"Lead\":{\"create\":\"yes\",\"read\":\"all\",\"edit\":\"all\",\"delete\":\"all\",\"stream\":\"all\"},\"Case\":false,\"DocumentFolder\":{\"create\":\"yes\",\"read\":\"team\",\"edit\":\"team\",\"delete\":\"team\",\"stream\":\"no\"},\"Opportunity\":false,\"TargetList\":{\"create\":\"yes\",\"read\":\"team\",\"edit\":\"team\",\"delete\":\"team\",\"stream\":\"no\"},\"KnowledgeBaseArticle\":{\"create\":\"yes\",\"read\":\"team\",\"edit\":\"team\",\"delete\":\"team\",\"stream\":\"no\"},\"TargetListCategory\":{\"create\":\"yes\",\"read\":\"all\",\"edit\":\"all\",\"delete\":\"all\",\"stream\":\"no\"}}},\"became\":{\"data\":{\"Currency\":false,\"Webhook\":false,\"ExternalAccount\":false,\"Team\":false,\"Import\":false,\"WorkingTimeCalendar\":true,\"EmailTemplateCategory\":{\"create\":\"yes\",\"read\":\"all\",\"edit\":\"all\",\"delete\":\"all\"},\"User\":false,\"EmailAccountScope\":false,\"Template\":{\"create\":\"yes\",\"read\":\"all\",\"edit\":\"all\",\"delete\":\"all\"},\"EmailTemplate\":{\"create\":\"yes\",\"read\":\"all\",\"edit\":\"all\",\"delete\":\"all\"},\"Email\":{\"create\":\"yes\",\"read\":\"all\",\"edit\":\"all\",\"delete\":\"all\"},\"GlobalStream\":true,\"Meeting\":{\"create\":\"yes\",\"read\":\"team\",\"edit\":\"team\",\"delete\":\"no\",\"stream\":\"team\"},\"Activities\":true,\"Document\":{\"create\":\"no\",\"read\":\"team\",\"edit\":\"no\",\"delete\":\"no\"},\"Task\":{\"create\":\"yes\",\"read\":\"team\",\"edit\":\"team\",\"delete\":\"no\",\"stream\":\"team\"},\"Call\":false,\"Calendar\":true,\"Campaign\":{\"create\":\"yes\",\"read\":\"all\",\"edit\":\"all\",\"delete\":\"all\"},\"KnowledgeBaseCategory\":{\"create\":\"yes\",\"read\":\"team\",\"edit\":\"team\",\"delete\":\"team\"},\"Contact\":{\"create\":\"no\",\"read\":\"all\",\"edit\":\"no\",\"delete\":\"no\",\"stream\":\"all\"},\"Account\":{\"create\":\"no\",\"read\":\"all\",\"edit\":\"no\",\"delete\":\"no\",\"stream\":\"all\"},\"Lead\":{\"create\":\"yes\",\"read\":\"all\",\"edit\":\"all\",\"delete\":\"all\",\"stream\":\"all\"},\"Case\":false,\"DocumentFolder\":{\"create\":\"yes\",\"read\":\"team\",\"edit\":\"team\",\"delete\":\"team\"},\"Opportunity\":false,\"TargetList\":{\"create\":\"yes\",\"read\":\"team\",\"edit\":\"team\",\"delete\":\"team\"},\"KnowledgeBaseArticle\":{\"create\":\"yes\",\"read\":\"team\",\"edit\":\"team\",\"delete\":\"team\"},\"TargetListCategory\":{\"create\":\"yes\",\"read\":\"all\",\"edit\":\"all\",\"delete\":\"all\"}}}}}','Update',NULL,1,0,0,0,'2025-11-08 00:52:37','2025-11-08 00:52:37','690e92c9e98da3084','Role',NULL,NULL,'690e8c7de7e0ba20e',NULL,NULL,NULL),('6910a0156f7d3315c',0,NULL,'{}','Create',NULL,2,0,0,0,'2025-11-09 14:07:17','2025-11-09 14:07:17','6910a0156d40c8696','Account',NULL,NULL,'690e8c7de7e0ba20e',NULL,NULL,NULL),('6910a0620e8f5c103',0,NULL,'{}','Create',NULL,3,0,0,0,'2025-11-09 14:08:34','2025-11-09 14:08:34','6910a0620bb96aa2d','Account',NULL,NULL,'690e8c7de7e0ba20e',NULL,NULL,NULL),('6910a08aa04fc822a',0,NULL,'{}','Create',NULL,4,0,0,0,'2025-11-09 14:09:14','2025-11-09 14:09:14','6910a08a9de10d160','Account',NULL,NULL,'690e8c7de7e0ba20e',NULL,NULL,NULL),('6910a39465f6d9822',0,NULL,'{}','Create',NULL,5,0,0,0,'2025-11-09 14:22:12','2025-11-09 14:42:58','6910a39462c9be6cc','Contact',NULL,NULL,'690e8c7de7e0ba20e','690e8c7de7e0ba20e','6910a0156d40c8696','Account'),('6910a3b0a462399ac',0,NULL,'{\"assignedUserId\":\"69109f13baccf86a0\",\"assignedUserName\":\"Александр Печул\"}','Assign',NULL,6,0,0,0,'2025-11-09 14:22:40','2025-11-09 14:42:58','6910a39462c9be6cc','Contact',NULL,NULL,'690e8c7de7e0ba20e','690e8c7de7e0ba20e','6910a0156d40c8696','Account'),('6910a3f2a3d4faf44',0,NULL,'{}','Create',NULL,7,0,0,0,'2025-11-09 14:23:46','2025-11-09 14:23:59','6910a3f2a0bdd13a2','Contact',NULL,NULL,'690e8c7de7e0ba20e','690e8c7de7e0ba20e','6910a0620bb96aa2d','Account'),('6910a3ff70a9747e9',0,NULL,'{\"assignedUserId\":\"69106768ee5b36116\",\"assignedUserName\":\"Тимур Виленович\"}','Assign',NULL,8,0,0,0,'2025-11-09 14:23:59','2025-11-09 14:23:59','6910a3f2a0bdd13a2','Contact',NULL,NULL,'690e8c7de7e0ba20e','690e8c7de7e0ba20e','6910a0620bb96aa2d','Account'),('6910a464c49ca7d8c',0,NULL,'{}','Create',NULL,9,0,0,0,'2025-11-09 14:25:40','2025-11-09 14:41:00','6910a464c157b4c09','Contact',NULL,NULL,'690e8c7de7e0ba20e','690e8c7de7e0ba20e','6910a08a9de10d160','Account'),('6910a57c6b99958d6',0,NULL,'{\"statusValue\":\"Prospecting\",\"statusField\":\"stage\"}','Create',NULL,10,0,0,0,'2025-11-09 14:30:20','2025-11-09 14:40:14','6910a57c68a6ec318','Opportunity',NULL,NULL,'690e8c7de7e0ba20e','690e8c7de7e0ba20e','6910a0156d40c8696','Account'),('6910a59339f1cc4b3',0,NULL,'{\"assignedUserId\":\"69109f13baccf86a0\",\"assignedUserName\":\"Александр Печул\"}','Assign',NULL,11,0,0,0,'2025-11-09 14:30:43','2025-11-09 14:40:14','6910a57c68a6ec318','Opportunity',NULL,NULL,'690e8c7de7e0ba20e','690e8c7de7e0ba20e','6910a0156d40c8696','Account'),('6910a5d77bc82eaaa',0,NULL,'{\"statusValue\":\"Closed Won\",\"statusField\":\"stage\"}','Create',NULL,12,0,0,0,'2025-11-09 14:31:51','2025-11-09 14:32:26','6910a5d77a7e1a79c','Opportunity',NULL,NULL,'690e8c7de7e0ba20e','690e8c7de7e0ba20e','6910a0620bb96aa2d','Account'),('6910a5fadaf3bd79f',0,NULL,'{\"assignedUserId\":\"69106768ee5b36116\",\"assignedUserName\":\"Тимур Виленович\"}','Assign',NULL,13,0,0,0,'2025-11-09 14:32:26','2025-11-09 14:32:26','6910a5d77a7e1a79c','Opportunity',NULL,NULL,'690e8c7de7e0ba20e','690e8c7de7e0ba20e','6910a0620bb96aa2d','Account'),('6910a642175b4c070',0,NULL,'{\"statusValue\":\"Negotiation\",\"statusField\":\"stage\"}','Create',NULL,14,0,0,0,'2025-11-09 14:33:38','2025-11-09 14:40:38','6910a64215ecdda6e','Opportunity',NULL,NULL,'690e8c7de7e0ba20e','690e8c7de7e0ba20e','6910a08a9de10d160','Account'),('6910a6accc34ff9e0',0,NULL,'{\"assignedUserId\":\"69109d84ba6be07a2\",\"assignedUserName\":\"София Меликджанян\",\"statusValue\":\"Started\",\"statusField\":\"status\"}','Create',NULL,15,0,0,0,'2025-11-09 14:35:24','2025-11-09 14:35:24','6910a6acc8e982fd8','Task',NULL,NULL,'690e8c7de7e0ba20e',NULL,NULL,NULL),('6910a6eedd9991fdd',0,NULL,'{\"assignedUserId\":\"691066a2644b61387\",\"assignedUserName\":\"Вероника Латышко\",\"statusValue\":\"Started\",\"statusField\":\"status\"}','Create',NULL,16,0,0,0,'2025-11-09 14:36:30','2025-11-09 14:36:30','6910a6eedb2e0be5c','Task',NULL,NULL,'690e8c7de7e0ba20e',NULL,NULL,NULL),('6910a7e13670bf27d',0,NULL,'{\"assignedUserId\":\"69106768ee5b36116\",\"assignedUserName\":\"Тимур Виленович\"}','Assign',NULL,17,0,0,0,'2025-11-09 14:40:33','2025-11-09 14:40:38','6910a64215ecdda6e','Opportunity',NULL,NULL,'690e8c7de7e0ba20e','690e8c7de7e0ba20e','6910a08a9de10d160','Account'),('6910a7f75ee3261ca',0,NULL,'{\"assignedUserId\":\"69106768ee5b36116\",\"assignedUserName\":\"Тимур Виленович\"}','Assign',NULL,18,0,0,0,'2025-11-09 14:40:55','2025-11-09 14:41:00','6910a464c157b4c09','Contact',NULL,NULL,'690e8c7de7e0ba20e','690e8c7de7e0ba20e','6910a08a9de10d160','Account');
/*!40000 ALTER TABLE `note` ENABLE KEYS */;
UNLOCK TABLES;

--
-- Table structure for table `note_portal`
--

DROP TABLE IF EXISTS `note_portal`;
/*!40101 SET @saved_cs_client     = @@character_set_client */;
/*!40101 SET character_set_client = utf8mb4 */;
CREATE TABLE `note_portal` (
  `id` bigint(20) NOT NULL AUTO_INCREMENT,
  `note_id` varchar(17) CHARACTER SET utf8mb4 COLLATE utf8mb4_unicode_ci DEFAULT NULL,
  `portal_id` varchar(17) CHARACTER SET utf8mb4 COLLATE utf8mb4_unicode_ci DEFAULT NULL,
  `deleted` tinyint(1) DEFAULT 0,
  PRIMARY KEY (`id`),
  UNIQUE KEY `UNIQ_NOTE_ID_PORTAL_ID` (`note_id`,`portal_id`),
  KEY `IDX_NOTE_ID` (`note_id`),
  KEY `IDX_PORTAL_ID` (`portal_id`)
) ENGINE=InnoDB DEFAULT CHARSET=utf8mb3 COLLATE=utf8mb3_unicode_ci;
/*!40101 SET character_set_client = @saved_cs_client */;

--
-- Dumping data for table `note_portal`
--

LOCK TABLES `note_portal` WRITE;
/*!40000 ALTER TABLE `note_portal` DISABLE KEYS */;
/*!40000 ALTER TABLE `note_portal` ENABLE KEYS */;
UNLOCK TABLES;

--
-- Table structure for table `note_team`
--

DROP TABLE IF EXISTS `note_team`;
/*!40101 SET @saved_cs_client     = @@character_set_client */;
/*!40101 SET character_set_client = utf8mb4 */;
CREATE TABLE `note_team` (
  `id` bigint(20) NOT NULL AUTO_INCREMENT,
  `note_id` varchar(17) CHARACTER SET utf8mb4 COLLATE utf8mb4_unicode_ci DEFAULT NULL,
  `team_id` varchar(17) CHARACTER SET utf8mb4 COLLATE utf8mb4_unicode_ci DEFAULT NULL,
  `deleted` tinyint(1) DEFAULT 0,
  PRIMARY KEY (`id`),
  UNIQUE KEY `UNIQ_NOTE_ID_TEAM_ID` (`note_id`,`team_id`),
  KEY `IDX_NOTE_ID` (`note_id`),
  KEY `IDX_TEAM_ID` (`team_id`)
) ENGINE=InnoDB AUTO_INCREMENT=17 DEFAULT CHARSET=utf8mb3 COLLATE=utf8mb3_unicode_ci;
/*!40101 SET character_set_client = @saved_cs_client */;

--
-- Dumping data for table `note_team`
--

LOCK TABLES `note_team` WRITE;
/*!40000 ALTER TABLE `note_team` DISABLE KEYS */;
INSERT INTO `note_team` VALUES (1,'6910a3b0a462399ac','690e96dd0e8ec4c83',0),(2,'6910a39465f6d9822','690e96dd0e8ec4c83',0),(3,'6910a3ff70a9747e9','690e9683e2d1f7685',0),(4,'6910a3f2a3d4faf44','690e9683e2d1f7685',0),(5,'6910a59339f1cc4b3','690e96dd0e8ec4c83',0),(6,'6910a57c6b99958d6','690e96dd0e8ec4c83',0),(7,'6910a5fadaf3bd79f','690e9683e2d1f7685',0),(8,'6910a5d77bc82eaaa','690e9683e2d1f7685',0),(9,'6910a59339f1cc4b3','690e9683e2d1f7685',0),(10,'6910a57c6b99958d6','690e9683e2d1f7685',0),(11,'6910a7e13670bf27d','690e9683e2d1f7685',0),(12,'6910a642175b4c070','690e9683e2d1f7685',0),(13,'6910a7f75ee3261ca','690e9683e2d1f7685',0),(14,'6910a464c49ca7d8c','690e9683e2d1f7685',0),(15,'6910a3b0a462399ac','690e9683e2d1f7685',0),(16,'6910a39465f6d9822','690e9683e2d1f7685',0);
/*!40000 ALTER TABLE `note_team` ENABLE KEYS */;
UNLOCK TABLES;

--
-- Table structure for table `note_user`
--

DROP TABLE IF EXISTS `note_user`;
/*!40101 SET @saved_cs_client     = @@character_set_client */;
/*!40101 SET character_set_client = utf8mb4 */;
CREATE TABLE `note_user` (
  `id` bigint(20) NOT NULL AUTO_INCREMENT,
  `note_id` varchar(17) CHARACTER SET utf8mb4 COLLATE utf8mb4_unicode_ci DEFAULT NULL,
  `user_id` varchar(17) CHARACTER SET utf8mb4 COLLATE utf8mb4_unicode_ci DEFAULT NULL,
  `deleted` tinyint(1) DEFAULT 0,
  PRIMARY KEY (`id`),
  UNIQUE KEY `UNIQ_NOTE_ID_USER_ID` (`note_id`,`user_id`),
  KEY `IDX_NOTE_ID` (`note_id`),
  KEY `IDX_USER_ID` (`user_id`)
) ENGINE=InnoDB AUTO_INCREMENT=13 DEFAULT CHARSET=utf8mb3 COLLATE=utf8mb3_unicode_ci;
/*!40101 SET character_set_client = @saved_cs_client */;

--
-- Dumping data for table `note_user`
--

LOCK TABLES `note_user` WRITE;
/*!40000 ALTER TABLE `note_user` DISABLE KEYS */;
INSERT INTO `note_user` VALUES (1,'6910a3b0a462399ac','69109f13baccf86a0',0),(2,'6910a39465f6d9822','69109f13baccf86a0',0),(3,'6910a3ff70a9747e9','69106768ee5b36116',0),(4,'6910a3f2a3d4faf44','69106768ee5b36116',0),(5,'6910a59339f1cc4b3','69109f13baccf86a0',0),(6,'6910a57c6b99958d6','69109f13baccf86a0',0),(7,'6910a5fadaf3bd79f','69106768ee5b36116',0),(8,'6910a5d77bc82eaaa','69106768ee5b36116',0),(9,'6910a7e13670bf27d','69106768ee5b36116',0),(10,'6910a642175b4c070','69106768ee5b36116',0),(11,'6910a7f75ee3261ca','69106768ee5b36116',0),(12,'6910a464c49ca7d8c','69106768ee5b36116',0);
/*!40000 ALTER TABLE `note_user` ENABLE KEYS */;
UNLOCK TABLES;

--
-- Table structure for table `notification`
--

DROP TABLE IF EXISTS `notification`;
/*!40101 SET @saved_cs_client     = @@character_set_client */;
/*!40101 SET character_set_client = utf8mb4 */;
CREATE TABLE `notification` (
  `id` varchar(17) CHARACTER SET utf8mb4 COLLATE utf8mb4_unicode_ci NOT NULL,
  `deleted` tinyint(1) DEFAULT 0,
  `number` bigint(20) unsigned NOT NULL AUTO_INCREMENT,
  `data` mediumtext CHARACTER SET utf8mb4 COLLATE utf8mb4_unicode_ci DEFAULT NULL,
  `type` varchar(255) CHARACTER SET utf8mb4 COLLATE utf8mb4_unicode_ci DEFAULT NULL,
  `read` tinyint(1) NOT NULL DEFAULT 0,
  `email_is_processed` tinyint(1) NOT NULL DEFAULT 0,
  `created_at` datetime DEFAULT NULL,
  `message` mediumtext CHARACTER SET utf8mb4 COLLATE utf8mb4_unicode_ci DEFAULT NULL,
  `action_id` varchar(36) CHARACTER SET utf8mb4 COLLATE utf8mb4_unicode_ci DEFAULT NULL,
  `user_id` varchar(17) CHARACTER SET utf8mb4 COLLATE utf8mb4_unicode_ci DEFAULT NULL,
  `related_id` varchar(17) CHARACTER SET utf8mb4 COLLATE utf8mb4_unicode_ci DEFAULT NULL,
  `related_type` varchar(100) CHARACTER SET utf8mb4 COLLATE utf8mb4_unicode_ci DEFAULT NULL,
  `related_parent_id` varchar(17) CHARACTER SET utf8mb4 COLLATE utf8mb4_unicode_ci DEFAULT NULL,
  `related_parent_type` varchar(100) CHARACTER SET utf8mb4 COLLATE utf8mb4_unicode_ci DEFAULT NULL,
  `created_by_id` varchar(17) CHARACTER SET utf8mb4 COLLATE utf8mb4_unicode_ci DEFAULT NULL,
  PRIMARY KEY (`id`),
  UNIQUE KEY `UNIQ_NUMBER` (`number`),
  KEY `IDX_CREATED_AT` (`created_at`),
  KEY `IDX_USER` (`user_id`,`number`),
  KEY `IDX_USER_ID_READ_RELATED_PARENT_TYPE` (`user_id`,`deleted`,`read`,`related_parent_type`),
  KEY `IDX_ACTION_ID` (`action_id`),
  KEY `IDX_USER_ID` (`user_id`),
  KEY `IDX_RELATED` (`related_id`,`related_type`),
  KEY `IDX_RELATED_PARENT` (`related_parent_id`,`related_parent_type`),
  KEY `IDX_CREATED_BY_ID` (`created_by_id`)
) ENGINE=InnoDB AUTO_INCREMENT=9 DEFAULT CHARSET=utf8mb3 COLLATE=utf8mb3_unicode_ci;
/*!40101 SET character_set_client = @saved_cs_client */;

--
-- Dumping data for table `notification`
--

LOCK TABLES `notification` WRITE;
/*!40000 ALTER TABLE `notification` DISABLE KEYS */;
INSERT INTO `notification` VALUES ('6910a3b0a62d22273',0,1,'{\"noteId\":\"6910a3b0a462399ac\"}','Note',1,0,'2025-11-09 14:22:40',NULL,NULL,'69109f13baccf86a0','6910a3b0a462399ac','Note','6910a39462c9be6cc','Contact',NULL),('6910a3ff71abfd374',0,2,'{\"noteId\":\"6910a3ff70a9747e9\"}','Note',0,0,'2025-11-09 14:23:59',NULL,NULL,'69106768ee5b36116','6910a3ff70a9747e9','Note','6910a3f2a0bdd13a2','Contact',NULL),('6910a5933b1ba038c',0,3,'{\"noteId\":\"6910a59339f1cc4b3\"}','Note',1,0,'2025-11-09 14:30:43',NULL,NULL,'69109f13baccf86a0','6910a59339f1cc4b3','Note','6910a57c68a6ec318','Opportunity',NULL),('6910a5fadbe9ee75e',0,4,'{\"noteId\":\"6910a5fadaf3bd79f\"}','Note',0,0,'2025-11-09 14:32:26',NULL,NULL,'69106768ee5b36116','6910a5fadaf3bd79f','Note','6910a5d77a7e1a79c','Opportunity',NULL),('6910a6acccccea3cc',0,5,'{\"noteId\":\"6910a6accc34ff9e0\"}','Note',0,0,'2025-11-09 14:35:24',NULL,NULL,'69109d84ba6be07a2','6910a6accc34ff9e0','Note','6910a6acc8e982fd8','Task',NULL),('6910a6eede1aa3fbd',0,6,'{\"noteId\":\"6910a6eedd9991fdd\"}','Note',1,0,'2025-11-09 14:36:30',NULL,NULL,'691066a2644b61387','6910a6eedd9991fdd','Note','6910a6eedb2e0be5c','Task',NULL),('6910a7e1375aaec5b',0,7,'{\"noteId\":\"6910a7e13670bf27d\"}','Note',0,0,'2025-11-09 14:40:33',NULL,NULL,'69106768ee5b36116','6910a7e13670bf27d','Note','6910a64215ecdda6e','Opportunity',NULL),('6910a7f7601a5c07e',0,8,'{\"noteId\":\"6910a7f75ee3261ca\"}','Note',0,0,'2025-11-09 14:40:55',NULL,NULL,'69106768ee5b36116','6910a7f75ee3261ca','Note','6910a464c157b4c09','Contact',NULL);
/*!40000 ALTER TABLE `notification` ENABLE KEYS */;
UNLOCK TABLES;

--
-- Table structure for table `o_auth_account`
--

DROP TABLE IF EXISTS `o_auth_account`;
/*!40101 SET @saved_cs_client     = @@character_set_client */;
/*!40101 SET character_set_client = utf8mb4 */;
CREATE TABLE `o_auth_account` (
  `id` varchar(17) CHARACTER SET utf8mb4 COLLATE utf8mb4_unicode_ci NOT NULL,
  `name` varchar(100) CHARACTER SET utf8mb4 COLLATE utf8mb4_unicode_ci DEFAULT NULL,
  `deleted` tinyint(1) DEFAULT 0,
  `access_token` longtext CHARACTER SET utf8mb4 COLLATE utf8mb4_unicode_ci DEFAULT NULL,
  `refresh_token` longtext CHARACTER SET utf8mb4 COLLATE utf8mb4_unicode_ci DEFAULT NULL,
  `description` mediumtext CHARACTER SET utf8mb4 COLLATE utf8mb4_unicode_ci DEFAULT NULL,
  `expires_at` datetime DEFAULT NULL,
  `created_at` datetime DEFAULT NULL,
  `modified_at` datetime DEFAULT NULL,
  `provider_id` varchar(17) CHARACTER SET utf8mb4 COLLATE utf8mb4_unicode_ci DEFAULT NULL,
  `user_id` varchar(17) CHARACTER SET utf8mb4 COLLATE utf8mb4_unicode_ci DEFAULT NULL,
  `created_by_id` varchar(17) CHARACTER SET utf8mb4 COLLATE utf8mb4_unicode_ci DEFAULT NULL,
  `modified_by_id` varchar(17) CHARACTER SET utf8mb4 COLLATE utf8mb4_unicode_ci DEFAULT NULL,
  PRIMARY KEY (`id`),
  KEY `IDX_PROVIDER_ID` (`provider_id`),
  KEY `IDX_USER_ID` (`user_id`),
  KEY `IDX_CREATED_BY_ID` (`created_by_id`),
  KEY `IDX_MODIFIED_BY_ID` (`modified_by_id`)
) ENGINE=InnoDB DEFAULT CHARSET=utf8mb3 COLLATE=utf8mb3_unicode_ci;
/*!40101 SET character_set_client = @saved_cs_client */;

--
-- Dumping data for table `o_auth_account`
--

LOCK TABLES `o_auth_account` WRITE;
/*!40000 ALTER TABLE `o_auth_account` DISABLE KEYS */;
/*!40000 ALTER TABLE `o_auth_account` ENABLE KEYS */;
UNLOCK TABLES;

--
-- Table structure for table `o_auth_provider`
--

DROP TABLE IF EXISTS `o_auth_provider`;
/*!40101 SET @saved_cs_client     = @@character_set_client */;
/*!40101 SET character_set_client = utf8mb4 */;
CREATE TABLE `o_auth_provider` (
  `id` varchar(17) CHARACTER SET utf8mb4 COLLATE utf8mb4_unicode_ci NOT NULL,
  `name` varchar(100) CHARACTER SET utf8mb4 COLLATE utf8mb4_unicode_ci DEFAULT NULL,
  `deleted` tinyint(1) DEFAULT 0,
  `is_active` tinyint(1) NOT NULL DEFAULT 1,
  `client_id` varchar(150) CHARACTER SET utf8mb4 COLLATE utf8mb4_unicode_ci DEFAULT NULL,
  `client_secret` text CHARACTER SET utf8mb4 COLLATE utf8mb4_unicode_ci DEFAULT NULL,
  `authorization_endpoint` text CHARACTER SET utf8mb4 COLLATE utf8mb4_unicode_ci DEFAULT NULL,
  `token_endpoint` text CHARACTER SET utf8mb4 COLLATE utf8mb4_unicode_ci DEFAULT NULL,
  `authorization_prompt` varchar(14) CHARACTER SET utf8mb4 COLLATE utf8mb4_unicode_ci DEFAULT 'none',
  `scopes` mediumtext CHARACTER SET utf8mb4 COLLATE utf8mb4_unicode_ci DEFAULT NULL,
  `authorization_params` mediumtext CHARACTER SET utf8mb4 COLLATE utf8mb4_unicode_ci DEFAULT NULL,
  `scope_separator` varchar(1) CHARACTER SET utf8mb4 COLLATE utf8mb4_unicode_ci DEFAULT NULL,
  `description` mediumtext CHARACTER SET utf8mb4 COLLATE utf8mb4_unicode_ci DEFAULT NULL,
  `created_at` datetime DEFAULT NULL,
  `modified_at` datetime DEFAULT NULL,
  `created_by_id` varchar(17) CHARACTER SET utf8mb4 COLLATE utf8mb4_unicode_ci DEFAULT NULL,
  `modified_by_id` varchar(17) CHARACTER SET utf8mb4 COLLATE utf8mb4_unicode_ci DEFAULT NULL,
  PRIMARY KEY (`id`),
  KEY `IDX_CREATED_BY_ID` (`created_by_id`),
  KEY `IDX_MODIFIED_BY_ID` (`modified_by_id`)
) ENGINE=InnoDB DEFAULT CHARSET=utf8mb3 COLLATE=utf8mb3_unicode_ci;
/*!40101 SET character_set_client = @saved_cs_client */;

--
-- Dumping data for table `o_auth_provider`
--

LOCK TABLES `o_auth_provider` WRITE;
/*!40000 ALTER TABLE `o_auth_provider` DISABLE KEYS */;
/*!40000 ALTER TABLE `o_auth_provider` ENABLE KEYS */;
UNLOCK TABLES;

--
-- Table structure for table `opportunity`
--

DROP TABLE IF EXISTS `opportunity`;
/*!40101 SET @saved_cs_client     = @@character_set_client */;
/*!40101 SET character_set_client = utf8mb4 */;
CREATE TABLE `opportunity` (
  `id` varchar(17) CHARACTER SET utf8mb4 COLLATE utf8mb4_unicode_ci NOT NULL,
  `name` varchar(255) CHARACTER SET utf8mb4 COLLATE utf8mb4_unicode_ci DEFAULT NULL,
  `deleted` tinyint(1) DEFAULT 0,
  `amount` double DEFAULT NULL,
  `stage` varchar(255) CHARACTER SET utf8mb4 COLLATE utf8mb4_unicode_ci DEFAULT 'Prospecting',
  `last_stage` varchar(255) CHARACTER SET utf8mb4 COLLATE utf8mb4_unicode_ci DEFAULT NULL,
  `probability` int(11) DEFAULT NULL,
  `lead_source` varchar(255) CHARACTER SET utf8mb4 COLLATE utf8mb4_unicode_ci DEFAULT NULL,
  `close_date` date DEFAULT NULL,
  `description` mediumtext CHARACTER SET utf8mb4 COLLATE utf8mb4_unicode_ci DEFAULT NULL,
  `created_at` datetime DEFAULT NULL,
  `modified_at` datetime DEFAULT NULL,
  `amount_currency` varchar(3) CHARACTER SET utf8mb4 COLLATE utf8mb4_unicode_ci DEFAULT NULL,
  `stream_updated_at` datetime DEFAULT NULL,
  `account_id` varchar(17) CHARACTER SET utf8mb4 COLLATE utf8mb4_unicode_ci DEFAULT NULL,
  `contact_id` varchar(17) CHARACTER SET utf8mb4 COLLATE utf8mb4_unicode_ci DEFAULT NULL,
  `campaign_id` varchar(17) CHARACTER SET utf8mb4 COLLATE utf8mb4_unicode_ci DEFAULT NULL,
  `created_by_id` varchar(17) CHARACTER SET utf8mb4 COLLATE utf8mb4_unicode_ci DEFAULT NULL,
  `modified_by_id` varchar(17) CHARACTER SET utf8mb4 COLLATE utf8mb4_unicode_ci DEFAULT NULL,
  `assigned_user_id` varchar(17) CHARACTER SET utf8mb4 COLLATE utf8mb4_unicode_ci DEFAULT NULL,
  `version_number` bigint(20) DEFAULT NULL,
  PRIMARY KEY (`id`),
  UNIQUE KEY `UNIQ_CREATED_AT_ID` (`created_at`,`id`),
  KEY `IDX_STAGE` (`stage`,`deleted`),
  KEY `IDX_LAST_STAGE` (`last_stage`),
  KEY `IDX_ASSIGNED_USER` (`assigned_user_id`,`deleted`),
  KEY `IDX_CREATED_AT` (`created_at`,`deleted`),
  KEY `IDX_CREATED_AT_STAGE` (`created_at`,`stage`),
  KEY `IDX_ASSIGNED_USER_STAGE` (`assigned_user_id`,`stage`),
  KEY `IDX_ACCOUNT_ID` (`account_id`),
  KEY `IDX_CONTACT_ID` (`contact_id`),
  KEY `IDX_CAMPAIGN_ID` (`campaign_id`),
  KEY `IDX_CREATED_BY_ID` (`created_by_id`),
  KEY `IDX_MODIFIED_BY_ID` (`modified_by_id`),
  KEY `IDX_ASSIGNED_USER_ID` (`assigned_user_id`)
) ENGINE=InnoDB DEFAULT CHARSET=utf8mb3 COLLATE=utf8mb3_unicode_ci;
/*!40101 SET character_set_client = @saved_cs_client */;

--
-- Dumping data for table `opportunity`
--

LOCK TABLES `opportunity` WRITE;
/*!40000 ALTER TABLE `opportunity` DISABLE KEYS */;
INSERT INTO `opportunity` VALUES ('6910a57c68a6ec318','Продажа обслуживания оборудования для ООО «Петров и Ко»',0,80000,'Prospecting','Prospecting',10,'Web Site','2025-11-20','Клиент проявил интерес к нашим услугам, ведётся первичное общение.','2025-11-09 14:30:20','2025-11-09 14:40:14','RUB','2025-11-09 14:30:43','6910a0156d40c8696','6910a39462c9be6cc',NULL,'690e8c7de7e0ba20e','690e8c7de7e0ba20e','69109f13baccf86a0',3),('6910a5d77a7e1a79c','Обслуживание оборудования для ИП «Смирнова»',0,40000,'Closed Won','Closed Won',100,'Existing Customer','2025-11-01','Выполнено техническое обслуживание оборудования, сделка успешно завершена.','2025-11-09 14:31:51','2025-11-09 14:32:26','RUB','2025-11-09 14:32:26','6910a0620bb96aa2d','6910a3f2a0bdd13a2',NULL,'690e8c7de7e0ba20e','690e8c7de7e0ba20e','69106768ee5b36116',2),('6910a64215ecdda6e','Продажа оборудования ООО\"Пример\"',0,50000,'Negotiation','Negotiation',80,'Web Site','2025-11-15','Клиент рассматривает предложение по покупке оборудования.','2025-11-09 14:33:38','2025-11-09 14:40:38','RUB','2025-11-09 14:40:33','6910a08a9de10d160','6910a464c157b4c09',NULL,'690e8c7de7e0ba20e','690e8c7de7e0ba20e','69106768ee5b36116',3);
/*!40000 ALTER TABLE `opportunity` ENABLE KEYS */;
UNLOCK TABLES;

--
-- Table structure for table `password_change_request`
--

DROP TABLE IF EXISTS `password_change_request`;
/*!40101 SET @saved_cs_client     = @@character_set_client */;
/*!40101 SET character_set_client = utf8mb4 */;
CREATE TABLE `password_change_request` (
  `id` varchar(17) CHARACTER SET utf8mb4 COLLATE utf8mb4_unicode_ci NOT NULL,
  `deleted` tinyint(1) DEFAULT 0,
  `request_id` varchar(64) CHARACTER SET utf8mb4 COLLATE utf8mb4_unicode_ci DEFAULT NULL,
  `url` varchar(255) CHARACTER SET utf8mb4 COLLATE utf8mb4_unicode_ci DEFAULT NULL,
  `created_at` datetime DEFAULT NULL,
  `user_id` varchar(17) CHARACTER SET utf8mb4 COLLATE utf8mb4_unicode_ci DEFAULT NULL,
  PRIMARY KEY (`id`),
  KEY `IDX_REQUEST_ID` (`request_id`),
  KEY `IDX_USER_ID` (`user_id`)
) ENGINE=InnoDB DEFAULT CHARSET=utf8mb3 COLLATE=utf8mb3_unicode_ci;
/*!40101 SET character_set_client = @saved_cs_client */;

--
-- Dumping data for table `password_change_request`
--

LOCK TABLES `password_change_request` WRITE;
/*!40000 ALTER TABLE `password_change_request` DISABLE KEYS */;
/*!40000 ALTER TABLE `password_change_request` ENABLE KEYS */;
UNLOCK TABLES;

--
-- Table structure for table `phone_number`
--

DROP TABLE IF EXISTS `phone_number`;
/*!40101 SET @saved_cs_client     = @@character_set_client */;
/*!40101 SET character_set_client = utf8mb4 */;
CREATE TABLE `phone_number` (
  `id` varchar(17) CHARACTER SET utf8mb4 COLLATE utf8mb4_unicode_ci NOT NULL,
  `name` varchar(36) CHARACTER SET utf8mb4 COLLATE utf8mb4_unicode_ci DEFAULT NULL,
  `deleted` tinyint(1) DEFAULT 0,
  `type` varchar(255) CHARACTER SET utf8mb4 COLLATE utf8mb4_unicode_ci DEFAULT NULL,
  `numeric` varchar(36) CHARACTER SET utf8mb4 COLLATE utf8mb4_unicode_ci DEFAULT NULL,
  `invalid` tinyint(1) NOT NULL DEFAULT 0,
  `opt_out` tinyint(1) NOT NULL DEFAULT 0,
  PRIMARY KEY (`id`),
  KEY `IDX_NAME` (`name`),
  KEY `IDX_NUMERIC` (`numeric`)
) ENGINE=InnoDB DEFAULT CHARSET=utf8mb3 COLLATE=utf8mb3_unicode_ci;
/*!40101 SET character_set_client = @saved_cs_client */;

--
-- Dumping data for table `phone_number`
--

LOCK TABLES `phone_number` WRITE;
/*!40000 ALTER TABLE `phone_number` DISABLE KEYS */;
INSERT INTO `phone_number` VALUES ('691066a2663d319a5','+79059276993',0,'Mobile','79059276993',0,0),('69106768f001805a5','+79153987767',0,'Mobile','79153987767',0,0),('69109d84bc75ae871','+79259062468',0,'Mobile','79259062468',0,0),('69109f13bb5999810','+79857322343',0,'Mobile','79857322343',0,0),('6910a3946497138ff','+78005553535',0,'Mobile','78005553535',0,0),('6910a3f2a25ebbcab','+79012223344',0,'Mobile','79012223344',0,0),('6910a464c37d82e68','+79991234567',0,'Mobile','79991234567',0,0);
/*!40000 ALTER TABLE `phone_number` ENABLE KEYS */;
UNLOCK TABLES;

--
-- Table structure for table `portal`
--

DROP TABLE IF EXISTS `portal`;
/*!40101 SET @saved_cs_client     = @@character_set_client */;
/*!40101 SET character_set_client = utf8mb4 */;
CREATE TABLE `portal` (
  `id` varchar(17) CHARACTER SET utf8mb4 COLLATE utf8mb4_unicode_ci NOT NULL,
  `name` varchar(100) CHARACTER SET utf8mb4 COLLATE utf8mb4_unicode_ci DEFAULT NULL,
  `deleted` tinyint(1) DEFAULT 0,
  `custom_id` varchar(36) CHARACTER SET utf8mb4 COLLATE utf8mb4_unicode_ci DEFAULT NULL,
  `is_active` tinyint(1) NOT NULL DEFAULT 1,
  `tab_list` mediumtext CHARACTER SET utf8mb4 COLLATE utf8mb4_unicode_ci DEFAULT NULL,
  `quick_create_list` mediumtext CHARACTER SET utf8mb4 COLLATE utf8mb4_unicode_ci DEFAULT NULL,
  `application_name` varchar(255) CHARACTER SET utf8mb4 COLLATE utf8mb4_unicode_ci DEFAULT NULL,
  `theme` varchar(255) CHARACTER SET utf8mb4 COLLATE utf8mb4_unicode_ci DEFAULT NULL,
  `theme_params` mediumtext CHARACTER SET utf8mb4 COLLATE utf8mb4_unicode_ci DEFAULT NULL,
  `language` varchar(255) CHARACTER SET utf8mb4 COLLATE utf8mb4_unicode_ci DEFAULT NULL,
  `time_zone` varchar(255) CHARACTER SET utf8mb4 COLLATE utf8mb4_unicode_ci DEFAULT NULL,
  `date_format` varchar(255) CHARACTER SET utf8mb4 COLLATE utf8mb4_unicode_ci DEFAULT NULL,
  `time_format` varchar(255) CHARACTER SET utf8mb4 COLLATE utf8mb4_unicode_ci DEFAULT NULL,
  `week_start` int(11) DEFAULT -1,
  `default_currency` varchar(255) CHARACTER SET utf8mb4 COLLATE utf8mb4_unicode_ci DEFAULT NULL,
  `dashboard_layout` mediumtext CHARACTER SET utf8mb4 COLLATE utf8mb4_unicode_ci DEFAULT NULL,
  `dashlets_options` mediumtext CHARACTER SET utf8mb4 COLLATE utf8mb4_unicode_ci DEFAULT NULL,
  `custom_url` varchar(255) CHARACTER SET utf8mb4 COLLATE utf8mb4_unicode_ci DEFAULT NULL,
  `auth_token_lifetime` double DEFAULT NULL,
  `auth_token_max_idle_time` double DEFAULT NULL,
  `modified_at` datetime DEFAULT NULL,
  `created_at` datetime DEFAULT NULL,
  `logo_id` varchar(17) CHARACTER SET utf8mb4 COLLATE utf8mb4_unicode_ci DEFAULT NULL,
  `company_logo_id` varchar(17) CHARACTER SET utf8mb4 COLLATE utf8mb4_unicode_ci DEFAULT NULL,
  `layout_set_id` varchar(17) CHARACTER SET utf8mb4 COLLATE utf8mb4_unicode_ci DEFAULT NULL,
  `authentication_provider_id` varchar(17) CHARACTER SET utf8mb4 COLLATE utf8mb4_unicode_ci DEFAULT NULL,
  `modified_by_id` varchar(17) CHARACTER SET utf8mb4 COLLATE utf8mb4_unicode_ci DEFAULT NULL,
  `created_by_id` varchar(17) CHARACTER SET utf8mb4 COLLATE utf8mb4_unicode_ci DEFAULT NULL,
  PRIMARY KEY (`id`),
  KEY `IDX_CUSTOM_ID` (`custom_id`),
  KEY `IDX_LAYOUT_SET_ID` (`layout_set_id`),
  KEY `IDX_AUTHENTICATION_PROVIDER_ID` (`authentication_provider_id`),
  KEY `IDX_MODIFIED_BY_ID` (`modified_by_id`),
  KEY `IDX_CREATED_BY_ID` (`created_by_id`)
) ENGINE=InnoDB DEFAULT CHARSET=utf8mb3 COLLATE=utf8mb3_unicode_ci;
/*!40101 SET character_set_client = @saved_cs_client */;

--
-- Dumping data for table `portal`
--

LOCK TABLES `portal` WRITE;
/*!40000 ALTER TABLE `portal` DISABLE KEYS */;
/*!40000 ALTER TABLE `portal` ENABLE KEYS */;
UNLOCK TABLES;

--
-- Table structure for table `portal_portal_role`
--

DROP TABLE IF EXISTS `portal_portal_role`;
/*!40101 SET @saved_cs_client     = @@character_set_client */;
/*!40101 SET character_set_client = utf8mb4 */;
CREATE TABLE `portal_portal_role` (
  `id` bigint(20) NOT NULL AUTO_INCREMENT,
  `portal_id` varchar(17) CHARACTER SET utf8mb4 COLLATE utf8mb4_unicode_ci DEFAULT NULL,
  `portal_role_id` varchar(17) CHARACTER SET utf8mb4 COLLATE utf8mb4_unicode_ci DEFAULT NULL,
  `deleted` tinyint(1) DEFAULT 0,
  PRIMARY KEY (`id`),
  UNIQUE KEY `UNIQ_PORTAL_ID_PORTAL_ROLE_ID` (`portal_id`,`portal_role_id`),
  KEY `IDX_PORTAL_ID` (`portal_id`),
  KEY `IDX_PORTAL_ROLE_ID` (`portal_role_id`)
) ENGINE=InnoDB DEFAULT CHARSET=utf8mb3 COLLATE=utf8mb3_unicode_ci;
/*!40101 SET character_set_client = @saved_cs_client */;

--
-- Dumping data for table `portal_portal_role`
--

LOCK TABLES `portal_portal_role` WRITE;
/*!40000 ALTER TABLE `portal_portal_role` DISABLE KEYS */;
/*!40000 ALTER TABLE `portal_portal_role` ENABLE KEYS */;
UNLOCK TABLES;

--
-- Table structure for table `portal_role`
--

DROP TABLE IF EXISTS `portal_role`;
/*!40101 SET @saved_cs_client     = @@character_set_client */;
/*!40101 SET character_set_client = utf8mb4 */;
CREATE TABLE `portal_role` (
  `id` varchar(17) CHARACTER SET utf8mb4 COLLATE utf8mb4_unicode_ci NOT NULL,
  `name` varchar(150) CHARACTER SET utf8mb4 COLLATE utf8mb4_unicode_ci DEFAULT NULL,
  `deleted` tinyint(1) DEFAULT 0,
  `data` mediumtext CHARACTER SET utf8mb4 COLLATE utf8mb4_unicode_ci DEFAULT NULL,
  `field_data` mediumtext CHARACTER SET utf8mb4 COLLATE utf8mb4_unicode_ci DEFAULT NULL,
  `export_permission` varchar(255) CHARACTER SET utf8mb4 COLLATE utf8mb4_unicode_ci DEFAULT 'not-set',
  `mass_update_permission` varchar(255) CHARACTER SET utf8mb4 COLLATE utf8mb4_unicode_ci DEFAULT 'not-set',
  `created_at` datetime DEFAULT NULL,
  `modified_at` datetime DEFAULT NULL,
  PRIMARY KEY (`id`)
) ENGINE=InnoDB DEFAULT CHARSET=utf8mb3 COLLATE=utf8mb3_unicode_ci;
/*!40101 SET character_set_client = @saved_cs_client */;

--
-- Dumping data for table `portal_role`
--

LOCK TABLES `portal_role` WRITE;
/*!40000 ALTER TABLE `portal_role` DISABLE KEYS */;
/*!40000 ALTER TABLE `portal_role` ENABLE KEYS */;
UNLOCK TABLES;

--
-- Table structure for table `portal_role_user`
--

DROP TABLE IF EXISTS `portal_role_user`;
/*!40101 SET @saved_cs_client     = @@character_set_client */;
/*!40101 SET character_set_client = utf8mb4 */;
CREATE TABLE `portal_role_user` (
  `id` bigint(20) NOT NULL AUTO_INCREMENT,
  `portal_role_id` varchar(17) CHARACTER SET utf8mb4 COLLATE utf8mb4_unicode_ci DEFAULT NULL,
  `user_id` varchar(17) CHARACTER SET utf8mb4 COLLATE utf8mb4_unicode_ci DEFAULT NULL,
  `deleted` tinyint(1) DEFAULT 0,
  PRIMARY KEY (`id`),
  UNIQUE KEY `UNIQ_PORTAL_ROLE_ID_USER_ID` (`portal_role_id`,`user_id`),
  KEY `IDX_PORTAL_ROLE_ID` (`portal_role_id`),
  KEY `IDX_USER_ID` (`user_id`)
) ENGINE=InnoDB DEFAULT CHARSET=utf8mb3 COLLATE=utf8mb3_unicode_ci;
/*!40101 SET character_set_client = @saved_cs_client */;

--
-- Dumping data for table `portal_role_user`
--

LOCK TABLES `portal_role_user` WRITE;
/*!40000 ALTER TABLE `portal_role_user` DISABLE KEYS */;
/*!40000 ALTER TABLE `portal_role_user` ENABLE KEYS */;
UNLOCK TABLES;

--
-- Table structure for table `portal_user`
--

DROP TABLE IF EXISTS `portal_user`;
/*!40101 SET @saved_cs_client     = @@character_set_client */;
/*!40101 SET character_set_client = utf8mb4 */;
CREATE TABLE `portal_user` (
  `id` bigint(20) NOT NULL AUTO_INCREMENT,
  `portal_id` varchar(17) CHARACTER SET utf8mb4 COLLATE utf8mb4_unicode_ci DEFAULT NULL,
  `user_id` varchar(17) CHARACTER SET utf8mb4 COLLATE utf8mb4_unicode_ci DEFAULT NULL,
  `deleted` tinyint(1) DEFAULT 0,
  PRIMARY KEY (`id`),
  UNIQUE KEY `UNIQ_PORTAL_ID_USER_ID` (`portal_id`,`user_id`),
  KEY `IDX_PORTAL_ID` (`portal_id`),
  KEY `IDX_USER_ID` (`user_id`)
) ENGINE=InnoDB DEFAULT CHARSET=utf8mb3 COLLATE=utf8mb3_unicode_ci;
/*!40101 SET character_set_client = @saved_cs_client */;

--
-- Dumping data for table `portal_user`
--

LOCK TABLES `portal_user` WRITE;
/*!40000 ALTER TABLE `portal_user` DISABLE KEYS */;
/*!40000 ALTER TABLE `portal_user` ENABLE KEYS */;
UNLOCK TABLES;

--
-- Table structure for table `preferences`
--

DROP TABLE IF EXISTS `preferences`;
/*!40101 SET @saved_cs_client     = @@character_set_client */;
/*!40101 SET character_set_client = utf8mb4 */;
CREATE TABLE `preferences` (
  `id` varchar(17) CHARACTER SET utf8mb4 COLLATE utf8mb4_unicode_ci NOT NULL,
  `data` mediumtext CHARACTER SET utf8mb4 COLLATE utf8mb4_unicode_ci DEFAULT NULL,
  PRIMARY KEY (`id`)
) ENGINE=InnoDB DEFAULT CHARSET=utf8mb3 COLLATE=utf8mb3_unicode_ci;
/*!40101 SET character_set_client = @saved_cs_client */;

--
-- Dumping data for table `preferences`
--

LOCK TABLES `preferences` WRITE;
/*!40000 ALTER TABLE `preferences` DISABLE KEYS */;
/*!40000 ALTER TABLE `preferences` ENABLE KEYS */;
UNLOCK TABLES;

--
-- Table structure for table `reminder`
--

DROP TABLE IF EXISTS `reminder`;
/*!40101 SET @saved_cs_client     = @@character_set_client */;
/*!40101 SET character_set_client = utf8mb4 */;
CREATE TABLE `reminder` (
  `id` varchar(17) CHARACTER SET utf8mb4 COLLATE utf8mb4_unicode_ci NOT NULL,
  `deleted` tinyint(1) DEFAULT 0,
  `remind_at` datetime DEFAULT NULL,
  `start_at` datetime DEFAULT NULL,
  `type` varchar(36) CHARACTER SET utf8mb4 COLLATE utf8mb4_unicode_ci DEFAULT 'Popup',
  `seconds` int(11) DEFAULT 0,
  `is_submitted` tinyint(1) NOT NULL DEFAULT 0,
  `user_id` varchar(17) CHARACTER SET utf8mb4 COLLATE utf8mb4_unicode_ci DEFAULT NULL,
  `entity_id` varchar(17) CHARACTER SET utf8mb4 COLLATE utf8mb4_unicode_ci DEFAULT NULL,
  `entity_type` varchar(100) CHARACTER SET utf8mb4 COLLATE utf8mb4_unicode_ci DEFAULT NULL,
  PRIMARY KEY (`id`),
  KEY `IDX_REMIND_AT` (`remind_at`),
  KEY `IDX_START_AT` (`start_at`),
  KEY `IDX_TYPE` (`type`),
  KEY `IDX_USER_ID` (`user_id`),
  KEY `IDX_ENTITY` (`entity_id`,`entity_type`)
) ENGINE=InnoDB DEFAULT CHARSET=utf8mb3 COLLATE=utf8mb3_unicode_ci;
/*!40101 SET character_set_client = @saved_cs_client */;

--
-- Dumping data for table `reminder`
--

LOCK TABLES `reminder` WRITE;
/*!40000 ALTER TABLE `reminder` DISABLE KEYS */;
/*!40000 ALTER TABLE `reminder` ENABLE KEYS */;
UNLOCK TABLES;

--
-- Table structure for table `role`
--

DROP TABLE IF EXISTS `role`;
/*!40101 SET @saved_cs_client     = @@character_set_client */;
/*!40101 SET character_set_client = utf8mb4 */;
CREATE TABLE `role` (
  `id` varchar(17) CHARACTER SET utf8mb4 COLLATE utf8mb4_unicode_ci NOT NULL,
  `name` varchar(150) CHARACTER SET utf8mb4 COLLATE utf8mb4_unicode_ci DEFAULT NULL,
  `deleted` tinyint(1) DEFAULT 0,
  `assignment_permission` varchar(255) CHARACTER SET utf8mb4 COLLATE utf8mb4_unicode_ci DEFAULT 'not-set',
  `user_permission` varchar(255) CHARACTER SET utf8mb4 COLLATE utf8mb4_unicode_ci DEFAULT 'not-set',
  `message_permission` varchar(255) CHARACTER SET utf8mb4 COLLATE utf8mb4_unicode_ci DEFAULT 'not-set',
  `portal_permission` varchar(255) CHARACTER SET utf8mb4 COLLATE utf8mb4_unicode_ci DEFAULT 'not-set',
  `group_email_account_permission` varchar(255) CHARACTER SET utf8mb4 COLLATE utf8mb4_unicode_ci DEFAULT 'not-set',
  `export_permission` varchar(255) CHARACTER SET utf8mb4 COLLATE utf8mb4_unicode_ci DEFAULT 'not-set',
  `mass_update_permission` varchar(255) CHARACTER SET utf8mb4 COLLATE utf8mb4_unicode_ci DEFAULT 'not-set',
  `data_privacy_permission` varchar(255) CHARACTER SET utf8mb4 COLLATE utf8mb4_unicode_ci DEFAULT 'not-set',
  `follower_management_permission` varchar(255) CHARACTER SET utf8mb4 COLLATE utf8mb4_unicode_ci DEFAULT 'not-set',
  `audit_permission` varchar(255) CHARACTER SET utf8mb4 COLLATE utf8mb4_unicode_ci DEFAULT 'not-set',
  `mention_permission` varchar(255) CHARACTER SET utf8mb4 COLLATE utf8mb4_unicode_ci DEFAULT 'not-set',
  `user_calendar_permission` varchar(255) CHARACTER SET utf8mb4 COLLATE utf8mb4_unicode_ci DEFAULT 'not-set',
  `data` mediumtext CHARACTER SET utf8mb4 COLLATE utf8mb4_unicode_ci DEFAULT NULL,
  `field_data` mediumtext CHARACTER SET utf8mb4 COLLATE utf8mb4_unicode_ci DEFAULT NULL,
  `created_at` datetime DEFAULT NULL,
  `modified_at` datetime DEFAULT NULL,
  PRIMARY KEY (`id`)
) ENGINE=InnoDB DEFAULT CHARSET=utf8mb3 COLLATE=utf8mb3_unicode_ci;
/*!40101 SET character_set_client = @saved_cs_client */;

--
-- Dumping data for table `role`
--

LOCK TABLES `role` WRITE;
/*!40000 ALTER TABLE `role` DISABLE KEYS */;
INSERT INTO `role` VALUES ('690e918fde1809965','Админ',0,'all','all','all','yes','all','yes','yes','yes','all','yes','all','all','{\"Currency\":{\"create\":\"no\",\"read\":\"yes\",\"edit\":\"yes\",\"delete\":\"no\",\"stream\":\"no\"},\"Webhook\":true,\"ExternalAccount\":true,\"Team\":{\"create\":\"no\",\"read\":\"all\",\"edit\":\"no\",\"delete\":\"no\",\"stream\":\"no\"},\"Import\":true,\"WorkingTimeCalendar\":true,\"EmailTemplateCategory\":{\"create\":\"yes\",\"read\":\"all\",\"edit\":\"all\",\"delete\":\"all\",\"stream\":\"no\"},\"User\":{\"create\":\"no\",\"read\":\"all\",\"edit\":\"own\",\"delete\":\"no\",\"stream\":\"no\"},\"EmailAccountScope\":true,\"Template\":{\"create\":\"yes\",\"read\":\"all\",\"edit\":\"all\",\"delete\":\"all\",\"stream\":\"no\"},\"EmailTemplate\":{\"create\":\"yes\",\"read\":\"all\",\"edit\":\"all\",\"delete\":\"all\",\"stream\":\"no\"},\"Email\":{\"create\":\"yes\",\"read\":\"all\",\"edit\":\"all\",\"delete\":\"all\",\"stream\":\"no\"},\"GlobalStream\":true,\"Meeting\":{\"create\":\"yes\",\"read\":\"all\",\"edit\":\"all\",\"delete\":\"all\",\"stream\":\"all\"},\"Activities\":true,\"Document\":{\"create\":\"yes\",\"read\":\"all\",\"edit\":\"all\",\"delete\":\"all\",\"stream\":\"no\"},\"Task\":{\"create\":\"yes\",\"read\":\"all\",\"edit\":\"all\",\"delete\":\"all\",\"stream\":\"all\"},\"Call\":{\"create\":\"yes\",\"read\":\"all\",\"edit\":\"all\",\"delete\":\"all\",\"stream\":\"no\"},\"Calendar\":true,\"Campaign\":{\"create\":\"yes\",\"read\":\"all\",\"edit\":\"all\",\"delete\":\"all\",\"stream\":\"no\"},\"KnowledgeBaseCategory\":{\"create\":\"yes\",\"read\":\"all\",\"edit\":\"all\",\"delete\":\"all\",\"stream\":\"no\"},\"Contact\":{\"create\":\"yes\",\"read\":\"all\",\"edit\":\"all\",\"delete\":\"all\",\"stream\":\"all\"},\"Account\":{\"create\":\"yes\",\"read\":\"all\",\"edit\":\"all\",\"delete\":\"all\",\"stream\":\"all\"},\"Lead\":{\"create\":\"yes\",\"read\":\"all\",\"edit\":\"all\",\"delete\":\"all\",\"stream\":\"all\"},\"Case\":{\"create\":\"yes\",\"read\":\"all\",\"edit\":\"all\",\"delete\":\"all\",\"stream\":\"all\"},\"DocumentFolder\":{\"create\":\"yes\",\"read\":\"all\",\"edit\":\"all\",\"delete\":\"all\",\"stream\":\"no\"},\"Opportunity\":{\"create\":\"yes\",\"read\":\"all\",\"edit\":\"all\",\"delete\":\"all\",\"stream\":\"all\"},\"TargetList\":{\"create\":\"yes\",\"read\":\"all\",\"edit\":\"all\",\"delete\":\"all\",\"stream\":\"no\"},\"KnowledgeBaseArticle\":{\"create\":\"yes\",\"read\":\"all\",\"edit\":\"all\",\"delete\":\"all\",\"stream\":\"no\"},\"TargetListCategory\":{\"create\":\"yes\",\"read\":\"all\",\"edit\":\"all\",\"delete\":\"all\",\"stream\":\"no\"}}','{\"Team\":{},\"User\":{},\"Email\":{},\"Meeting\":{},\"Document\":{},\"Task\":{},\"Call\":{},\"Campaign\":{},\"KnowledgeBaseCategory\":{},\"Contact\":{},\"Account\":{},\"Lead\":{},\"Case\":{},\"DocumentFolder\":{},\"Opportunity\":{},\"TargetList\":{},\"KnowledgeBaseArticle\":{},\"TargetListCategory\":{}}','2025-11-08 00:40:47','2025-11-08 00:40:47'),('690e92c9e98da3084','Маркетолог',0,'no','no','all','no','all','yes','no','no','all','no','all','all','{\"Currency\":false,\"Webhook\":false,\"ExternalAccount\":false,\"Team\":false,\"Import\":false,\"WorkingTimeCalendar\":true,\"EmailTemplateCategory\":{\"create\":\"yes\",\"read\":\"all\",\"edit\":\"all\",\"delete\":\"all\"},\"User\":false,\"EmailAccountScope\":false,\"Template\":{\"create\":\"yes\",\"read\":\"all\",\"edit\":\"all\",\"delete\":\"all\"},\"EmailTemplate\":{\"create\":\"yes\",\"read\":\"all\",\"edit\":\"all\",\"delete\":\"all\"},\"Email\":{\"create\":\"yes\",\"read\":\"all\",\"edit\":\"all\",\"delete\":\"all\"},\"GlobalStream\":true,\"Meeting\":{\"create\":\"yes\",\"read\":\"team\",\"edit\":\"team\",\"delete\":\"no\",\"stream\":\"team\"},\"Activities\":true,\"Document\":{\"create\":\"no\",\"read\":\"team\",\"edit\":\"no\",\"delete\":\"no\"},\"Task\":{\"create\":\"yes\",\"read\":\"team\",\"edit\":\"team\",\"delete\":\"no\",\"stream\":\"team\"},\"Call\":false,\"Calendar\":true,\"Campaign\":{\"create\":\"yes\",\"read\":\"all\",\"edit\":\"all\",\"delete\":\"all\"},\"KnowledgeBaseCategory\":{\"create\":\"yes\",\"read\":\"team\",\"edit\":\"team\",\"delete\":\"team\"},\"Contact\":{\"create\":\"no\",\"read\":\"all\",\"edit\":\"no\",\"delete\":\"no\",\"stream\":\"all\"},\"Account\":{\"create\":\"no\",\"read\":\"all\",\"edit\":\"no\",\"delete\":\"no\",\"stream\":\"all\"},\"Lead\":{\"create\":\"yes\",\"read\":\"all\",\"edit\":\"all\",\"delete\":\"all\",\"stream\":\"all\"},\"Case\":false,\"DocumentFolder\":{\"create\":\"yes\",\"read\":\"team\",\"edit\":\"team\",\"delete\":\"team\"},\"Opportunity\":false,\"TargetList\":{\"create\":\"yes\",\"read\":\"team\",\"edit\":\"team\",\"delete\":\"team\"},\"KnowledgeBaseArticle\":{\"create\":\"yes\",\"read\":\"team\",\"edit\":\"team\",\"delete\":\"team\"},\"TargetListCategory\":{\"create\":\"yes\",\"read\":\"all\",\"edit\":\"all\",\"delete\":\"all\"}}','{\"Team\":{},\"User\":{},\"Email\":{},\"Meeting\":{},\"Document\":{},\"Task\":{},\"Call\":{},\"Campaign\":{},\"KnowledgeBaseCategory\":{},\"Contact\":{},\"Account\":{},\"Lead\":{},\"Case\":{},\"DocumentFolder\":{},\"Opportunity\":{},\"TargetList\":{},\"KnowledgeBaseArticle\":{},\"TargetListCategory\":{}}','2025-11-08 00:46:01','2025-11-08 00:52:37'),('690e94440c5a6ef80','Менеджер',0,'no','no','all','no','all','no','no','no','no','no','all','all','{\"Currency\":false,\"Webhook\":false,\"ExternalAccount\":false,\"Team\":false,\"Import\":false,\"WorkingTimeCalendar\":true,\"EmailTemplateCategory\":{\"create\":\"no\",\"read\":\"all\",\"edit\":\"no\",\"delete\":\"no\",\"stream\":\"no\"},\"User\":false,\"EmailAccountScope\":false,\"Template\":{\"create\":\"no\",\"read\":\"all\",\"edit\":\"no\",\"delete\":\"no\",\"stream\":\"no\"},\"EmailTemplate\":{\"create\":\"no\",\"read\":\"all\",\"edit\":\"no\",\"delete\":\"no\",\"stream\":\"no\"},\"Email\":{\"create\":\"yes\",\"read\":\"team\",\"edit\":\"team\",\"delete\":\"no\",\"stream\":\"no\"},\"GlobalStream\":true,\"Meeting\":{\"create\":\"yes\",\"read\":\"team\",\"edit\":\"team\",\"delete\":\"no\",\"stream\":\"team\"},\"Activities\":true,\"Document\":{\"create\":\"yes\",\"read\":\"team\",\"edit\":\"team\",\"delete\":\"no\",\"stream\":\"no\"},\"Task\":{\"create\":\"yes\",\"read\":\"team\",\"edit\":\"team\",\"delete\":\"no\",\"stream\":\"team\"},\"Call\":{\"create\":\"yes\",\"read\":\"team\",\"edit\":\"team\",\"delete\":\"no\",\"stream\":\"no\"},\"Calendar\":true,\"Campaign\":false,\"KnowledgeBaseCategory\":{\"create\":\"yes\",\"read\":\"team\",\"edit\":\"team\",\"delete\":\"team\",\"stream\":\"no\"},\"Contact\":{\"create\":\"yes\",\"read\":\"team\",\"edit\":\"team\",\"delete\":\"no\",\"stream\":\"team\"},\"Account\":{\"create\":\"yes\",\"read\":\"team\",\"edit\":\"team\",\"delete\":\"no\",\"stream\":\"team\"},\"Lead\":{\"create\":\"yes\",\"read\":\"team\",\"edit\":\"team\",\"delete\":\"no\",\"stream\":\"team\"},\"Case\":{\"create\":\"yes\",\"read\":\"team\",\"edit\":\"team\",\"delete\":\"no\",\"stream\":\"team\"},\"DocumentFolder\":{\"create\":\"yes\",\"read\":\"team\",\"edit\":\"team\",\"delete\":\"team\",\"stream\":\"no\"},\"Opportunity\":{\"create\":\"yes\",\"read\":\"team\",\"edit\":\"team\",\"delete\":\"no\",\"stream\":\"team\"},\"TargetList\":false,\"KnowledgeBaseArticle\":{\"create\":\"yes\",\"read\":\"team\",\"edit\":\"team\",\"delete\":\"no\",\"stream\":\"no\"},\"TargetListCategory\":false}','{\"Team\":{},\"User\":{},\"Email\":{},\"Meeting\":{},\"Document\":{},\"Task\":{},\"Call\":{},\"Campaign\":{},\"KnowledgeBaseCategory\":{},\"Contact\":{},\"Account\":{},\"Lead\":{},\"Case\":{},\"DocumentFolder\":{},\"Opportunity\":{},\"TargetList\":{},\"KnowledgeBaseArticle\":{},\"TargetListCategory\":{}}','2025-11-08 00:52:20','2025-11-08 00:52:20'),('690e95b4f14f406d8','Продавец',0,'no','no','all','no','all','no','no','no','no','no','all','all','{\"Currency\":false,\"Webhook\":false,\"ExternalAccount\":false,\"Team\":false,\"Import\":false,\"WorkingTimeCalendar\":true,\"EmailTemplateCategory\":{\"create\":\"no\",\"read\":\"team\",\"edit\":\"no\",\"delete\":\"no\",\"stream\":\"no\"},\"User\":false,\"EmailAccountScope\":false,\"Template\":{\"create\":\"no\",\"read\":\"team\",\"edit\":\"no\",\"delete\":\"no\",\"stream\":\"no\"},\"EmailTemplate\":{\"create\":\"no\",\"read\":\"team\",\"edit\":\"no\",\"delete\":\"no\",\"stream\":\"no\"},\"Email\":{\"create\":\"yes\",\"read\":\"own\",\"edit\":\"own\",\"delete\":\"no\",\"stream\":\"no\"},\"GlobalStream\":true,\"Meeting\":{\"create\":\"yes\",\"read\":\"own\",\"edit\":\"own\",\"delete\":\"no\",\"stream\":\"own\"},\"Activities\":true,\"Document\":{\"create\":\"yes\",\"read\":\"own\",\"edit\":\"own\",\"delete\":\"no\",\"stream\":\"no\"},\"Task\":{\"create\":\"no\",\"read\":\"own\",\"edit\":\"own\",\"delete\":\"no\",\"stream\":\"own\"},\"Call\":{\"create\":\"yes\",\"read\":\"own\",\"edit\":\"own\",\"delete\":\"no\",\"stream\":\"no\"},\"Calendar\":true,\"Campaign\":false,\"KnowledgeBaseCategory\":{\"create\":\"yes\",\"read\":\"team\",\"edit\":\"team\",\"delete\":\"no\",\"stream\":\"no\"},\"Contact\":{\"create\":\"yes\",\"read\":\"own\",\"edit\":\"own\",\"delete\":\"no\",\"stream\":\"own\"},\"Account\":{\"create\":\"yes\",\"read\":\"own\",\"edit\":\"own\",\"delete\":\"no\",\"stream\":\"own\"},\"Lead\":{\"create\":\"yes\",\"read\":\"own\",\"edit\":\"own\",\"delete\":\"no\",\"stream\":\"own\"},\"Case\":{\"create\":\"yes\",\"read\":\"own\",\"edit\":\"own\",\"delete\":\"no\",\"stream\":\"own\"},\"DocumentFolder\":{\"create\":\"yes\",\"read\":\"team\",\"edit\":\"team\",\"delete\":\"no\",\"stream\":\"no\"},\"Opportunity\":{\"create\":\"yes\",\"read\":\"own\",\"edit\":\"own\",\"delete\":\"no\",\"stream\":\"own\"},\"TargetList\":false,\"KnowledgeBaseArticle\":{\"create\":\"yes\",\"read\":\"all\",\"edit\":\"all\",\"delete\":\"all\",\"stream\":\"no\"},\"TargetListCategory\":false}','{\"Team\":{},\"User\":{},\"Email\":{},\"Meeting\":{},\"Document\":{},\"Task\":{},\"Call\":{},\"Campaign\":{},\"KnowledgeBaseCategory\":{},\"Contact\":{},\"Account\":{},\"Lead\":{},\"Case\":{},\"DocumentFolder\":{},\"Opportunity\":{},\"TargetList\":{},\"KnowledgeBaseArticle\":{},\"TargetListCategory\":{}}','2025-11-08 00:58:28','2025-11-08 00:58:28');
/*!40000 ALTER TABLE `role` ENABLE KEYS */;
UNLOCK TABLES;

--
-- Table structure for table `role_team`
--

DROP TABLE IF EXISTS `role_team`;
/*!40101 SET @saved_cs_client     = @@character_set_client */;
/*!40101 SET character_set_client = utf8mb4 */;
CREATE TABLE `role_team` (
  `id` bigint(20) NOT NULL AUTO_INCREMENT,
  `role_id` varchar(17) CHARACTER SET utf8mb4 COLLATE utf8mb4_unicode_ci DEFAULT NULL,
  `team_id` varchar(17) CHARACTER SET utf8mb4 COLLATE utf8mb4_unicode_ci DEFAULT NULL,
  `deleted` tinyint(1) DEFAULT 0,
  PRIMARY KEY (`id`),
  UNIQUE KEY `UNIQ_ROLE_ID_TEAM_ID` (`role_id`,`team_id`),
  KEY `IDX_ROLE_ID` (`role_id`),
  KEY `IDX_TEAM_ID` (`team_id`)
) ENGINE=InnoDB AUTO_INCREMENT=5 DEFAULT CHARSET=utf8mb3 COLLATE=utf8mb3_unicode_ci;
/*!40101 SET character_set_client = @saved_cs_client */;

--
-- Dumping data for table `role_team`
--

LOCK TABLES `role_team` WRITE;
/*!40000 ALTER TABLE `role_team` DISABLE KEYS */;
INSERT INTO `role_team` VALUES (1,'690e918fde1809965','690e95fda4ac390bf',0),(2,'690e92c9e98da3084','690e964b5cf84e7c3',0),(3,'690e94440c5a6ef80','690e9683e2d1f7685',0),(4,'690e95b4f14f406d8','690e96dd0e8ec4c83',0);
/*!40000 ALTER TABLE `role_team` ENABLE KEYS */;
UNLOCK TABLES;

--
-- Table structure for table `role_user`
--

DROP TABLE IF EXISTS `role_user`;
/*!40101 SET @saved_cs_client     = @@character_set_client */;
/*!40101 SET character_set_client = utf8mb4 */;
CREATE TABLE `role_user` (
  `id` bigint(20) NOT NULL AUTO_INCREMENT,
  `role_id` varchar(17) CHARACTER SET utf8mb4 COLLATE utf8mb4_unicode_ci DEFAULT NULL,
  `user_id` varchar(17) CHARACTER SET utf8mb4 COLLATE utf8mb4_unicode_ci DEFAULT NULL,
  `deleted` tinyint(1) DEFAULT 0,
  PRIMARY KEY (`id`),
  UNIQUE KEY `UNIQ_ROLE_ID_USER_ID` (`role_id`,`user_id`),
  KEY `IDX_ROLE_ID` (`role_id`),
  KEY `IDX_USER_ID` (`user_id`)
) ENGINE=InnoDB AUTO_INCREMENT=5 DEFAULT CHARSET=utf8mb3 COLLATE=utf8mb3_unicode_ci;
/*!40101 SET character_set_client = @saved_cs_client */;

--
-- Dumping data for table `role_user`
--

LOCK TABLES `role_user` WRITE;
/*!40000 ALTER TABLE `role_user` DISABLE KEYS */;
INSERT INTO `role_user` VALUES (1,'690e918fde1809965','691066a2644b61387',0),(2,'690e94440c5a6ef80','69106768ee5b36116',0),(3,'690e92c9e98da3084','69109d84ba6be07a2',0),(4,'690e95b4f14f406d8','69109f13baccf86a0',0);
/*!40000 ALTER TABLE `role_user` ENABLE KEYS */;
UNLOCK TABLES;

--
-- Table structure for table `scheduled_job`
--

DROP TABLE IF EXISTS `scheduled_job`;
/*!40101 SET @saved_cs_client     = @@character_set_client */;
/*!40101 SET character_set_client = utf8mb4 */;
CREATE TABLE `scheduled_job` (
  `id` varchar(17) CHARACTER SET utf8mb4 COLLATE utf8mb4_unicode_ci NOT NULL,
  `name` varchar(255) CHARACTER SET utf8mb4 COLLATE utf8mb4_unicode_ci DEFAULT NULL,
  `deleted` tinyint(1) DEFAULT 0,
  `job` varchar(255) CHARACTER SET utf8mb4 COLLATE utf8mb4_unicode_ci DEFAULT NULL,
  `status` varchar(255) CHARACTER SET utf8mb4 COLLATE utf8mb4_unicode_ci DEFAULT 'Active',
  `scheduling` varchar(255) CHARACTER SET utf8mb4 COLLATE utf8mb4_unicode_ci DEFAULT NULL,
  `last_run` datetime DEFAULT NULL,
  `created_at` datetime DEFAULT NULL,
  `modified_at` datetime DEFAULT NULL,
  `is_internal` tinyint(1) NOT NULL DEFAULT 0,
  `created_by_id` varchar(17) CHARACTER SET utf8mb4 COLLATE utf8mb4_unicode_ci DEFAULT NULL,
  `modified_by_id` varchar(17) CHARACTER SET utf8mb4 COLLATE utf8mb4_unicode_ci DEFAULT NULL,
  PRIMARY KEY (`id`),
  KEY `IDX_CREATED_BY_ID` (`created_by_id`),
  KEY `IDX_MODIFIED_BY_ID` (`modified_by_id`)
) ENGINE=InnoDB DEFAULT CHARSET=utf8mb3 COLLATE=utf8mb3_unicode_ci;
/*!40101 SET character_set_client = @saved_cs_client */;

--
-- Dumping data for table `scheduled_job`
--

LOCK TABLES `scheduled_job` WRITE;
/*!40000 ALTER TABLE `scheduled_job` DISABLE KEYS */;
INSERT INTO `scheduled_job` VALUES ('690e8c63068a6f6af','Submit Popup Reminders',0,'SubmitPopupReminders','Active','* * * * *',NULL,'2025-11-08 00:18:43','2025-11-08 00:18:43',1,NULL,NULL),('690e8c63070595a21','Process Job Group',0,'ProcessJobGroup','Active','* * * * *',NULL,'2025-11-08 00:18:43','2025-11-08 00:18:43',1,NULL,NULL),('690e8c630740bfe6d','Process Job Queue q0',0,'ProcessJobQueueQ0','Active','* * * * *',NULL,'2025-11-08 00:18:43','2025-11-08 00:18:43',1,NULL,NULL),('690e8c630772d17c7','Process Job Queue q1',0,'ProcessJobQueueQ1','Active','*/1 * * * *',NULL,'2025-11-08 00:18:43','2025-11-08 00:18:43',1,NULL,NULL),('690e8c6307a45ed35','Process Job Queue e0',0,'ProcessJobQueueE0','Active','* * * * *',NULL,'2025-11-08 00:18:43','2025-11-08 00:18:43',1,NULL,NULL),('690e8c6307d37464c','Dummy',0,'Dummy','Active','1 */12 * * *',NULL,'2025-11-08 00:18:43','2025-11-08 00:18:43',1,NULL,NULL),('690e8c630800c207b','Check for New Version',0,'CheckNewVersion','Active','15 5 * * *',NULL,'2025-11-08 00:18:43','2025-11-08 00:18:43',1,NULL,NULL),('690e8c63082f71547','Check for New Versions of Installed Extensions',0,'CheckNewExtensionVersion','Active','25 5 * * *',NULL,'2025-11-08 00:18:43','2025-11-08 00:18:43',1,NULL,NULL),('690e8cb90f2c6246d','Check Group Email Accounts',0,'CheckInboundEmails','Active','*/2 * * * *',NULL,'2025-11-08 00:20:09','2025-11-08 00:20:09',0,'system',NULL),('690e8cb90f8debe92','Check Personal Email Accounts',0,'CheckEmailAccounts','Active','*/1 * * * *',NULL,'2025-11-08 00:20:09','2025-11-08 00:20:09',0,'system',NULL),('690e8cb90fc23cd05','Send Email Reminders',0,'SendEmailReminders','Active','*/2 * * * *',NULL,'2025-11-08 00:20:09','2025-11-08 00:20:09',0,'system',NULL),('690e8cb91004d97f1','Send Email Notifications',0,'SendEmailNotifications','Active','*/2 * * * *',NULL,'2025-11-08 00:20:09','2025-11-08 00:20:09',0,'system',NULL),('690e8cb9107268d0e','Clean-up',0,'Cleanup','Active','1 1 * * 0',NULL,'2025-11-08 00:20:09','2025-11-08 00:20:09',0,'system',NULL),('690e8cb9109fafa3d','Send Mass Emails',0,'ProcessMassEmail','Active','10,30,50 * * * *',NULL,'2025-11-08 00:20:09','2025-11-08 00:20:09',0,'system',NULL),('690e8cb910ce7f68a','Auth Token Control',0,'AuthTokenControl','Active','*/6 * * * *',NULL,'2025-11-08 00:20:09','2025-11-08 00:20:09',0,'system',NULL),('690e8cb910f87e9bc','Control Knowledge Base Article Status',0,'ControlKnowledgeBaseArticleStatus','Active','10 1 * * *',NULL,'2025-11-08 00:20:09','2025-11-08 00:20:09',0,'system',NULL),('690e8cb9112254cc0','Process Webhook Queue',0,'ProcessWebhookQueue','Active','*/2 * * * *',NULL,'2025-11-08 00:20:09','2025-11-08 00:20:09',0,'system',NULL),('690e8cb9114bc6f31','Send Scheduled Emails',0,'SendScheduledEmails','Active','*/10 * * * *',NULL,'2025-11-08 00:20:09','2025-11-08 00:20:09',0,'system',NULL);
/*!40000 ALTER TABLE `scheduled_job` ENABLE KEYS */;
UNLOCK TABLES;

--
-- Table structure for table `scheduled_job_log_record`
--

DROP TABLE IF EXISTS `scheduled_job_log_record`;
/*!40101 SET @saved_cs_client     = @@character_set_client */;
/*!40101 SET character_set_client = utf8mb4 */;
CREATE TABLE `scheduled_job_log_record` (
  `id` varchar(17) CHARACTER SET utf8mb4 COLLATE utf8mb4_unicode_ci NOT NULL,
  `name` varchar(255) CHARACTER SET utf8mb4 COLLATE utf8mb4_unicode_ci DEFAULT NULL,
  `deleted` tinyint(1) DEFAULT 0,
  `status` varchar(255) CHARACTER SET utf8mb4 COLLATE utf8mb4_unicode_ci DEFAULT NULL,
  `execution_time` datetime DEFAULT NULL,
  `created_at` datetime DEFAULT NULL,
  `scheduled_job_id` varchar(17) CHARACTER SET utf8mb4 COLLATE utf8mb4_unicode_ci DEFAULT NULL,
  `target_id` varchar(17) CHARACTER SET utf8mb4 COLLATE utf8mb4_unicode_ci DEFAULT NULL,
  `target_type` varchar(100) CHARACTER SET utf8mb4 COLLATE utf8mb4_unicode_ci DEFAULT NULL,
  PRIMARY KEY (`id`),
  KEY `IDX_SCHEDULED_JOB_ID_EXECUTION_TIME` (`scheduled_job_id`,`execution_time`),
  KEY `IDX_SCHEDULED_JOB_ID` (`scheduled_job_id`),
  KEY `IDX_TARGET` (`target_id`,`target_type`)
) ENGINE=InnoDB DEFAULT CHARSET=utf8mb3 COLLATE=utf8mb3_unicode_ci;
/*!40101 SET character_set_client = @saved_cs_client */;

--
-- Dumping data for table `scheduled_job_log_record`
--

LOCK TABLES `scheduled_job_log_record` WRITE;
/*!40000 ALTER TABLE `scheduled_job_log_record` DISABLE KEYS */;
/*!40000 ALTER TABLE `scheduled_job_log_record` ENABLE KEYS */;
UNLOCK TABLES;

--
-- Table structure for table `sms`
--

DROP TABLE IF EXISTS `sms`;
/*!40101 SET @saved_cs_client     = @@character_set_client */;
/*!40101 SET character_set_client = utf8mb4 */;
CREATE TABLE `sms` (
  `id` varchar(17) CHARACTER SET utf8mb4 COLLATE utf8mb4_unicode_ci NOT NULL,
  `deleted` tinyint(1) DEFAULT 0,
  `from_name` varchar(255) CHARACTER SET utf8mb4 COLLATE utf8mb4_unicode_ci DEFAULT NULL,
  `body` mediumtext CHARACTER SET utf8mb4 COLLATE utf8mb4_unicode_ci DEFAULT NULL,
  `status` varchar(255) CHARACTER SET utf8mb4 COLLATE utf8mb4_unicode_ci DEFAULT 'Archived',
  `date_sent` datetime DEFAULT NULL,
  `created_at` datetime DEFAULT NULL,
  `modified_at` datetime DEFAULT NULL,
  `from_phone_number_id` varchar(17) CHARACTER SET utf8mb4 COLLATE utf8mb4_unicode_ci DEFAULT NULL,
  `parent_id` varchar(17) CHARACTER SET utf8mb4 COLLATE utf8mb4_unicode_ci DEFAULT NULL,
  `parent_type` varchar(100) CHARACTER SET utf8mb4 COLLATE utf8mb4_unicode_ci DEFAULT NULL,
  `created_by_id` varchar(17) CHARACTER SET utf8mb4 COLLATE utf8mb4_unicode_ci DEFAULT NULL,
  `modified_by_id` varchar(17) CHARACTER SET utf8mb4 COLLATE utf8mb4_unicode_ci DEFAULT NULL,
  `replied_id` varchar(17) CHARACTER SET utf8mb4 COLLATE utf8mb4_unicode_ci DEFAULT NULL,
  PRIMARY KEY (`id`),
  KEY `IDX_DATE_SENT` (`date_sent`,`deleted`),
  KEY `IDX_DATE_SENT_STATUS` (`date_sent`,`status`,`deleted`),
  KEY `IDX_FROM_PHONE_NUMBER_ID` (`from_phone_number_id`),
  KEY `IDX_PARENT` (`parent_id`,`parent_type`),
  KEY `IDX_CREATED_BY_ID` (`created_by_id`),
  KEY `IDX_MODIFIED_BY_ID` (`modified_by_id`),
  KEY `IDX_REPLIED_ID` (`replied_id`)
) ENGINE=InnoDB DEFAULT CHARSET=utf8mb3 COLLATE=utf8mb3_unicode_ci;
/*!40101 SET character_set_client = @saved_cs_client */;

--
-- Dumping data for table `sms`
--

LOCK TABLES `sms` WRITE;
/*!40000 ALTER TABLE `sms` DISABLE KEYS */;
/*!40000 ALTER TABLE `sms` ENABLE KEYS */;
UNLOCK TABLES;

--
-- Table structure for table `sms_phone_number`
--

DROP TABLE IF EXISTS `sms_phone_number`;
/*!40101 SET @saved_cs_client     = @@character_set_client */;
/*!40101 SET character_set_client = utf8mb4 */;
CREATE TABLE `sms_phone_number` (
  `id` bigint(20) NOT NULL AUTO_INCREMENT,
  `sms_id` varchar(17) CHARACTER SET utf8mb4 COLLATE utf8mb4_unicode_ci DEFAULT NULL,
  `phone_number_id` varchar(17) CHARACTER SET utf8mb4 COLLATE utf8mb4_unicode_ci DEFAULT NULL,
  `address_type` varchar(4) CHARACTER SET utf8mb4 COLLATE utf8mb4_unicode_ci DEFAULT NULL,
  `deleted` tinyint(1) DEFAULT 0,
  PRIMARY KEY (`id`),
  UNIQUE KEY `UNIQ_SMS_ID_PHONE_NUMBER_ID_ADDRESS_TYPE` (`sms_id`,`phone_number_id`,`address_type`),
  KEY `IDX_SMS_ID` (`sms_id`),
  KEY `IDX_PHONE_NUMBER_ID` (`phone_number_id`)
) ENGINE=InnoDB DEFAULT CHARSET=utf8mb3 COLLATE=utf8mb3_unicode_ci;
/*!40101 SET character_set_client = @saved_cs_client */;

--
-- Dumping data for table `sms_phone_number`
--

LOCK TABLES `sms_phone_number` WRITE;
/*!40000 ALTER TABLE `sms_phone_number` DISABLE KEYS */;
/*!40000 ALTER TABLE `sms_phone_number` ENABLE KEYS */;
UNLOCK TABLES;

--
-- Table structure for table `star_subscription`
--

DROP TABLE IF EXISTS `star_subscription`;
/*!40101 SET @saved_cs_client     = @@character_set_client */;
/*!40101 SET character_set_client = utf8mb4 */;
CREATE TABLE `star_subscription` (
  `id` bigint(20) NOT NULL AUTO_INCREMENT,
  `deleted` tinyint(1) DEFAULT 0,
  `created_at` datetime DEFAULT NULL,
  `entity_id` varchar(17) CHARACTER SET utf8mb4 COLLATE utf8mb4_unicode_ci DEFAULT NULL,
  `entity_type` varchar(100) CHARACTER SET utf8mb4 COLLATE utf8mb4_unicode_ci DEFAULT NULL,
  `user_id` varchar(17) CHARACTER SET utf8mb4 COLLATE utf8mb4_unicode_ci DEFAULT NULL,
  PRIMARY KEY (`id`),
  UNIQUE KEY `UNIQ_USER_ENTITY` (`user_id`,`entity_id`,`entity_type`),
  KEY `IDX_USER_ENTITY_TYPE` (`user_id`,`entity_type`),
  KEY `IDX_ENTITY` (`entity_id`,`entity_type`),
  KEY `IDX_USER` (`user_id`)
) ENGINE=InnoDB DEFAULT CHARSET=utf8mb3 COLLATE=utf8mb3_unicode_ci;
/*!40101 SET character_set_client = @saved_cs_client */;

--
-- Dumping data for table `star_subscription`
--

LOCK TABLES `star_subscription` WRITE;
/*!40000 ALTER TABLE `star_subscription` DISABLE KEYS */;
/*!40000 ALTER TABLE `star_subscription` ENABLE KEYS */;
UNLOCK TABLES;

--
-- Table structure for table `stream_subscription`
--

DROP TABLE IF EXISTS `stream_subscription`;
/*!40101 SET @saved_cs_client     = @@character_set_client */;
/*!40101 SET character_set_client = utf8mb4 */;
CREATE TABLE `stream_subscription` (
  `id` bigint(20) NOT NULL AUTO_INCREMENT,
  `deleted` tinyint(1) DEFAULT 0,
  `entity_id` varchar(17) CHARACTER SET utf8mb4 COLLATE utf8mb4_unicode_ci DEFAULT NULL,
  `entity_type` varchar(100) CHARACTER SET utf8mb4 COLLATE utf8mb4_unicode_ci DEFAULT NULL,
  `user_id` varchar(17) CHARACTER SET utf8mb4 COLLATE utf8mb4_unicode_ci DEFAULT NULL,
  PRIMARY KEY (`id`),
  KEY `IDX_USER_ENTITY` (`user_id`,`entity_id`,`entity_type`),
  KEY `IDX_ENTITY` (`entity_id`,`entity_type`),
  KEY `IDX_USER` (`user_id`)
) ENGINE=InnoDB AUTO_INCREMENT=9 DEFAULT CHARSET=utf8mb3 COLLATE=utf8mb3_unicode_ci;
/*!40101 SET character_set_client = @saved_cs_client */;

--
-- Dumping data for table `stream_subscription`
--

LOCK TABLES `stream_subscription` WRITE;
/*!40000 ALTER TABLE `stream_subscription` DISABLE KEYS */;
INSERT INTO `stream_subscription` VALUES (1,0,'6910a39462c9be6cc','Contact','69109f13baccf86a0'),(2,0,'6910a3f2a0bdd13a2','Contact','69106768ee5b36116'),(3,0,'6910a57c68a6ec318','Opportunity','69109f13baccf86a0'),(4,0,'6910a5d77a7e1a79c','Opportunity','69106768ee5b36116'),(5,0,'6910a6acc8e982fd8','Task','69109d84ba6be07a2'),(6,0,'6910a6eedb2e0be5c','Task','691066a2644b61387'),(7,0,'6910a64215ecdda6e','Opportunity','69106768ee5b36116'),(8,0,'6910a464c157b4c09','Contact','69106768ee5b36116');
/*!40000 ALTER TABLE `stream_subscription` ENABLE KEYS */;
UNLOCK TABLES;

--
-- Table structure for table `system_data`
--

DROP TABLE IF EXISTS `system_data`;
/*!40101 SET @saved_cs_client     = @@character_set_client */;
/*!40101 SET character_set_client = utf8mb4 */;
CREATE TABLE `system_data` (
  `id` varchar(1) CHARACTER SET utf8mb4 COLLATE utf8mb4_unicode_ci NOT NULL,
  `deleted` tinyint(1) DEFAULT 0,
  `last_password_recovery_date` datetime DEFAULT NULL,
  PRIMARY KEY (`id`)
) ENGINE=InnoDB DEFAULT CHARSET=utf8mb3 COLLATE=utf8mb3_unicode_ci;
/*!40101 SET character_set_client = @saved_cs_client */;

--
-- Dumping data for table `system_data`
--

LOCK TABLES `system_data` WRITE;
/*!40000 ALTER TABLE `system_data` DISABLE KEYS */;
INSERT INTO `system_data` VALUES ('1',0,NULL);
/*!40000 ALTER TABLE `system_data` ENABLE KEYS */;
UNLOCK TABLES;

--
-- Table structure for table `target`
--

DROP TABLE IF EXISTS `target`;
/*!40101 SET @saved_cs_client     = @@character_set_client */;
/*!40101 SET character_set_client = utf8mb4 */;
CREATE TABLE `target` (
  `id` varchar(17) CHARACTER SET utf8mb4 COLLATE utf8mb4_unicode_ci NOT NULL,
  `deleted` tinyint(1) DEFAULT 0,
  `salutation_name` varchar(255) CHARACTER SET utf8mb4 COLLATE utf8mb4_unicode_ci DEFAULT NULL,
  `first_name` varchar(100) CHARACTER SET utf8mb4 COLLATE utf8mb4_unicode_ci DEFAULT '',
  `last_name` varchar(100) CHARACTER SET utf8mb4 COLLATE utf8mb4_unicode_ci DEFAULT '',
  `title` varchar(100) CHARACTER SET utf8mb4 COLLATE utf8mb4_unicode_ci DEFAULT NULL,
  `account_name` varchar(100) CHARACTER SET utf8mb4 COLLATE utf8mb4_unicode_ci DEFAULT NULL,
  `website` varchar(255) CHARACTER SET utf8mb4 COLLATE utf8mb4_unicode_ci DEFAULT NULL,
  `address_street` varchar(255) CHARACTER SET utf8mb4 COLLATE utf8mb4_unicode_ci DEFAULT NULL,
  `address_city` varchar(100) CHARACTER SET utf8mb4 COLLATE utf8mb4_unicode_ci DEFAULT NULL,
  `address_state` varchar(100) CHARACTER SET utf8mb4 COLLATE utf8mb4_unicode_ci DEFAULT NULL,
  `address_country` varchar(100) CHARACTER SET utf8mb4 COLLATE utf8mb4_unicode_ci DEFAULT NULL,
  `address_postal_code` varchar(40) CHARACTER SET utf8mb4 COLLATE utf8mb4_unicode_ci DEFAULT NULL,
  `do_not_call` tinyint(1) NOT NULL DEFAULT 0,
  `description` mediumtext CHARACTER SET utf8mb4 COLLATE utf8mb4_unicode_ci DEFAULT NULL,
  `created_at` datetime DEFAULT NULL,
  `modified_at` datetime DEFAULT NULL,
  `middle_name` varchar(100) CHARACTER SET utf8mb4 COLLATE utf8mb4_unicode_ci DEFAULT NULL,
  `created_by_id` varchar(17) CHARACTER SET utf8mb4 COLLATE utf8mb4_unicode_ci DEFAULT NULL,
  `modified_by_id` varchar(17) CHARACTER SET utf8mb4 COLLATE utf8mb4_unicode_ci DEFAULT NULL,
  `assigned_user_id` varchar(17) CHARACTER SET utf8mb4 COLLATE utf8mb4_unicode_ci DEFAULT NULL,
  PRIMARY KEY (`id`),
  KEY `IDX_FIRST_NAME` (`first_name`,`deleted`),
  KEY `IDX_NAME` (`first_name`,`last_name`),
  KEY `IDX_ASSIGNED_USER` (`assigned_user_id`,`deleted`),
  KEY `IDX_CREATED_BY_ID` (`created_by_id`),
  KEY `IDX_MODIFIED_BY_ID` (`modified_by_id`),
  KEY `IDX_ASSIGNED_USER_ID` (`assigned_user_id`)
) ENGINE=InnoDB DEFAULT CHARSET=utf8mb3 COLLATE=utf8mb3_unicode_ci;
/*!40101 SET character_set_client = @saved_cs_client */;

--
-- Dumping data for table `target`
--

LOCK TABLES `target` WRITE;
/*!40000 ALTER TABLE `target` DISABLE KEYS */;
/*!40000 ALTER TABLE `target` ENABLE KEYS */;
UNLOCK TABLES;

--
-- Table structure for table `target_list`
--

DROP TABLE IF EXISTS `target_list`;
/*!40101 SET @saved_cs_client     = @@character_set_client */;
/*!40101 SET character_set_client = utf8mb4 */;
CREATE TABLE `target_list` (
  `id` varchar(17) CHARACTER SET utf8mb4 COLLATE utf8mb4_unicode_ci NOT NULL,
  `name` varchar(255) CHARACTER SET utf8mb4 COLLATE utf8mb4_unicode_ci DEFAULT NULL,
  `deleted` tinyint(1) DEFAULT 0,
  `description` mediumtext CHARACTER SET utf8mb4 COLLATE utf8mb4_unicode_ci DEFAULT NULL,
  `created_at` datetime DEFAULT NULL,
  `modified_at` datetime DEFAULT NULL,
  `category_id` varchar(17) CHARACTER SET utf8mb4 COLLATE utf8mb4_unicode_ci DEFAULT NULL,
  `created_by_id` varchar(17) CHARACTER SET utf8mb4 COLLATE utf8mb4_unicode_ci DEFAULT NULL,
  `modified_by_id` varchar(17) CHARACTER SET utf8mb4 COLLATE utf8mb4_unicode_ci DEFAULT NULL,
  `assigned_user_id` varchar(17) CHARACTER SET utf8mb4 COLLATE utf8mb4_unicode_ci DEFAULT NULL,
  PRIMARY KEY (`id`),
  KEY `IDX_CREATED_AT` (`created_at`,`deleted`),
  KEY `IDX_CATEGORY_ID` (`category_id`),
  KEY `IDX_CREATED_BY_ID` (`created_by_id`),
  KEY `IDX_MODIFIED_BY_ID` (`modified_by_id`),
  KEY `IDX_ASSIGNED_USER_ID` (`assigned_user_id`)
) ENGINE=InnoDB DEFAULT CHARSET=utf8mb3 COLLATE=utf8mb3_unicode_ci;
/*!40101 SET character_set_client = @saved_cs_client */;

--
-- Dumping data for table `target_list`
--

LOCK TABLES `target_list` WRITE;
/*!40000 ALTER TABLE `target_list` DISABLE KEYS */;
/*!40000 ALTER TABLE `target_list` ENABLE KEYS */;
UNLOCK TABLES;

--
-- Table structure for table `target_list_category`
--

DROP TABLE IF EXISTS `target_list_category`;
/*!40101 SET @saved_cs_client     = @@character_set_client */;
/*!40101 SET character_set_client = utf8mb4 */;
CREATE TABLE `target_list_category` (
  `id` varchar(17) CHARACTER SET utf8mb4 COLLATE utf8mb4_unicode_ci NOT NULL,
  `name` varchar(255) CHARACTER SET utf8mb4 COLLATE utf8mb4_unicode_ci DEFAULT NULL,
  `deleted` tinyint(1) DEFAULT 0,
  `order` int(11) DEFAULT NULL,
  `description` mediumtext CHARACTER SET utf8mb4 COLLATE utf8mb4_unicode_ci DEFAULT NULL,
  `created_at` datetime DEFAULT NULL,
  `modified_at` datetime DEFAULT NULL,
  `created_by_id` varchar(17) CHARACTER SET utf8mb4 COLLATE utf8mb4_unicode_ci DEFAULT NULL,
  `modified_by_id` varchar(17) CHARACTER SET utf8mb4 COLLATE utf8mb4_unicode_ci DEFAULT NULL,
  `parent_id` varchar(17) CHARACTER SET utf8mb4 COLLATE utf8mb4_unicode_ci DEFAULT NULL,
  PRIMARY KEY (`id`),
  KEY `IDX_CREATED_BY_ID` (`created_by_id`),
  KEY `IDX_MODIFIED_BY_ID` (`modified_by_id`),
  KEY `IDX_PARENT_ID` (`parent_id`)
) ENGINE=InnoDB DEFAULT CHARSET=utf8mb3 COLLATE=utf8mb3_unicode_ci;
/*!40101 SET character_set_client = @saved_cs_client */;

--
-- Dumping data for table `target_list_category`
--

LOCK TABLES `target_list_category` WRITE;
/*!40000 ALTER TABLE `target_list_category` DISABLE KEYS */;
/*!40000 ALTER TABLE `target_list_category` ENABLE KEYS */;
UNLOCK TABLES;

--
-- Table structure for table `target_list_category_path`
--

DROP TABLE IF EXISTS `target_list_category_path`;
/*!40101 SET @saved_cs_client     = @@character_set_client */;
/*!40101 SET character_set_client = utf8mb4 */;
CREATE TABLE `target_list_category_path` (
  `id` int(11) NOT NULL AUTO_INCREMENT,
  `ascendor_id` varchar(17) CHARACTER SET utf8mb4 COLLATE utf8mb4_unicode_ci DEFAULT NULL,
  `descendor_id` varchar(17) CHARACTER SET utf8mb4 COLLATE utf8mb4_unicode_ci DEFAULT NULL,
  PRIMARY KEY (`id`),
  KEY `IDX_ASCENDOR_ID` (`ascendor_id`),
  KEY `IDX_DESCENDOR_ID` (`descendor_id`)
) ENGINE=InnoDB DEFAULT CHARSET=utf8mb3 COLLATE=utf8mb3_unicode_ci;
/*!40101 SET character_set_client = @saved_cs_client */;

--
-- Dumping data for table `target_list_category_path`
--

LOCK TABLES `target_list_category_path` WRITE;
/*!40000 ALTER TABLE `target_list_category_path` DISABLE KEYS */;
/*!40000 ALTER TABLE `target_list_category_path` ENABLE KEYS */;
UNLOCK TABLES;

--
-- Table structure for table `target_list_user`
--

DROP TABLE IF EXISTS `target_list_user`;
/*!40101 SET @saved_cs_client     = @@character_set_client */;
/*!40101 SET character_set_client = utf8mb4 */;
CREATE TABLE `target_list_user` (
  `id` bigint(20) NOT NULL AUTO_INCREMENT,
  `user_id` varchar(17) CHARACTER SET utf8mb4 COLLATE utf8mb4_unicode_ci DEFAULT NULL,
  `target_list_id` varchar(17) CHARACTER SET utf8mb4 COLLATE utf8mb4_unicode_ci DEFAULT NULL,
  `opted_out` tinyint(1) DEFAULT 0,
  `deleted` tinyint(1) DEFAULT 0,
  PRIMARY KEY (`id`),
  UNIQUE KEY `UNIQ_USER_ID_TARGET_LIST_ID` (`user_id`,`target_list_id`),
  KEY `IDX_USER_ID` (`user_id`),
  KEY `IDX_TARGET_LIST_ID` (`target_list_id`)
) ENGINE=InnoDB DEFAULT CHARSET=utf8mb3 COLLATE=utf8mb3_unicode_ci;
/*!40101 SET character_set_client = @saved_cs_client */;

--
-- Dumping data for table `target_list_user`
--

LOCK TABLES `target_list_user` WRITE;
/*!40000 ALTER TABLE `target_list_user` DISABLE KEYS */;
/*!40000 ALTER TABLE `target_list_user` ENABLE KEYS */;
UNLOCK TABLES;

--
-- Table structure for table `task`
--

DROP TABLE IF EXISTS `task`;
/*!40101 SET @saved_cs_client     = @@character_set_client */;
/*!40101 SET character_set_client = utf8mb4 */;
CREATE TABLE `task` (
  `id` varchar(17) CHARACTER SET utf8mb4 COLLATE utf8mb4_unicode_ci NOT NULL,
  `name` varchar(255) CHARACTER SET utf8mb4 COLLATE utf8mb4_unicode_ci DEFAULT NULL,
  `deleted` tinyint(1) DEFAULT 0,
  `status` varchar(255) CHARACTER SET utf8mb4 COLLATE utf8mb4_unicode_ci DEFAULT 'Not Started',
  `priority` varchar(255) CHARACTER SET utf8mb4 COLLATE utf8mb4_unicode_ci DEFAULT 'Normal',
  `date_start` datetime DEFAULT NULL,
  `date_end` datetime DEFAULT NULL,
  `date_start_date` date DEFAULT NULL,
  `date_end_date` date DEFAULT NULL,
  `date_completed` datetime DEFAULT NULL,
  `description` mediumtext CHARACTER SET utf8mb4 COLLATE utf8mb4_unicode_ci DEFAULT NULL,
  `created_at` datetime DEFAULT NULL,
  `modified_at` datetime DEFAULT NULL,
  `stream_updated_at` datetime DEFAULT NULL,
  `parent_id` varchar(17) CHARACTER SET utf8mb4 COLLATE utf8mb4_unicode_ci DEFAULT NULL,
  `parent_type` varchar(100) CHARACTER SET utf8mb4 COLLATE utf8mb4_unicode_ci DEFAULT NULL,
  `account_id` varchar(17) CHARACTER SET utf8mb4 COLLATE utf8mb4_unicode_ci DEFAULT NULL,
  `contact_id` varchar(17) CHARACTER SET utf8mb4 COLLATE utf8mb4_unicode_ci DEFAULT NULL,
  `created_by_id` varchar(17) CHARACTER SET utf8mb4 COLLATE utf8mb4_unicode_ci DEFAULT NULL,
  `modified_by_id` varchar(17) CHARACTER SET utf8mb4 COLLATE utf8mb4_unicode_ci DEFAULT NULL,
  `assigned_user_id` varchar(17) CHARACTER SET utf8mb4 COLLATE utf8mb4_unicode_ci DEFAULT NULL,
  `version_number` bigint(20) DEFAULT NULL,
  `email_id` varchar(17) CHARACTER SET utf8mb4 COLLATE utf8mb4_unicode_ci DEFAULT NULL,
  PRIMARY KEY (`id`),
  KEY `IDX_DATE_START_STATUS` (`date_start`,`status`),
  KEY `IDX_DATE_END_STATUS` (`date_end`,`status`),
  KEY `IDX_DATE_START` (`date_start`,`deleted`),
  KEY `IDX_STATUS` (`status`,`deleted`),
  KEY `IDX_ASSIGNED_USER` (`assigned_user_id`,`deleted`),
  KEY `IDX_ASSIGNED_USER_STATUS` (`assigned_user_id`,`status`),
  KEY `IDX_PARENT` (`parent_id`,`parent_type`),
  KEY `IDX_ACCOUNT_ID` (`account_id`),
  KEY `IDX_CONTACT_ID` (`contact_id`),
  KEY `IDX_CREATED_BY_ID` (`created_by_id`),
  KEY `IDX_MODIFIED_BY_ID` (`modified_by_id`),
  KEY `IDX_ASSIGNED_USER_ID` (`assigned_user_id`),
  KEY `IDX_EMAIL_ID` (`email_id`)
) ENGINE=InnoDB DEFAULT CHARSET=utf8mb3 COLLATE=utf8mb3_unicode_ci;
/*!40101 SET character_set_client = @saved_cs_client */;

--
-- Dumping data for table `task`
--

LOCK TABLES `task` WRITE;
/*!40000 ALTER TABLE `task` DISABLE KEYS */;
INSERT INTO `task` VALUES ('6910a6acc8e982fd8','Email-рассылка новым клиентам',0,'Started','High','2025-11-04 21:00:00','2025-11-11 21:00:00','2025-11-05','2025-11-11',NULL,'Провести рассылку с предложением новых услуг клиентам, привлечённым через холодные звонки.','2025-11-09 14:35:24','2025-11-09 14:35:24','2025-11-09 14:35:24',NULL,NULL,NULL,NULL,'690e8c7de7e0ba20e',NULL,'69109d84ba6be07a2',1,NULL),('6910a6eedb2e0be5c','Резервное копирование базы данных',0,'Started','Normal','2025-11-05 21:00:00','2025-11-11 21:00:00','2025-11-06','2025-11-11',NULL,'Создать резервную копию БД EspoCRM с помощью phpMyAdmin и сохранить на сервере.','2025-11-09 14:36:30','2025-11-09 14:36:30','2025-11-09 14:36:30',NULL,NULL,NULL,NULL,'690e8c7de7e0ba20e',NULL,'691066a2644b61387',1,NULL);
/*!40000 ALTER TABLE `task` ENABLE KEYS */;
UNLOCK TABLES;

--
-- Table structure for table `team`
--

DROP TABLE IF EXISTS `team`;
/*!40101 SET @saved_cs_client     = @@character_set_client */;
/*!40101 SET character_set_client = utf8mb4 */;
CREATE TABLE `team` (
  `id` varchar(17) CHARACTER SET utf8mb4 COLLATE utf8mb4_unicode_ci NOT NULL,
  `name` varchar(100) CHARACTER SET utf8mb4 COLLATE utf8mb4_unicode_ci DEFAULT NULL,
  `deleted` tinyint(1) DEFAULT 0,
  `position_list` mediumtext CHARACTER SET utf8mb4 COLLATE utf8mb4_unicode_ci DEFAULT NULL,
  `created_at` datetime DEFAULT NULL,
  `modified_at` datetime DEFAULT NULL,
  `layout_set_id` varchar(17) CHARACTER SET utf8mb4 COLLATE utf8mb4_unicode_ci DEFAULT NULL,
  `working_time_calendar_id` varchar(17) CHARACTER SET utf8mb4 COLLATE utf8mb4_unicode_ci DEFAULT NULL,
  PRIMARY KEY (`id`),
  KEY `IDX_LAYOUT_SET_ID` (`layout_set_id`),
  KEY `IDX_WORKING_TIME_CALENDAR_ID` (`working_time_calendar_id`)
) ENGINE=InnoDB DEFAULT CHARSET=utf8mb3 COLLATE=utf8mb3_unicode_ci;
/*!40101 SET character_set_client = @saved_cs_client */;

--
-- Dumping data for table `team`
--

LOCK TABLES `team` WRITE;
/*!40000 ALTER TABLE `team` DISABLE KEYS */;
INSERT INTO `team` VALUES ('690e95fda4ac390bf','Администраторы',0,'[\"Системный администратор\",\"Технический специалист\"]','2025-11-08 00:59:41','2025-11-08 00:59:41',NULL,NULL),('690e964b5cf84e7c3','Отдел маркетинга',0,'[\"Маркетолог\",\"Аналитик по маркетингу\"]','2025-11-08 01:00:59','2025-11-08 01:00:59',NULL,NULL),('690e9683e2d1f7685','Отдел продаж(менеджеры)',0,'[\"Менеджер по продажам\"]','2025-11-08 01:01:55','2025-11-08 01:01:55',NULL,NULL),('690e96dd0e8ec4c83','Отдел продаж(продавцы)',0,'[\"Продавец-консультант\"]','2025-11-08 01:03:25','2025-11-08 01:03:25',NULL,NULL);
/*!40000 ALTER TABLE `team` ENABLE KEYS */;
UNLOCK TABLES;

--
-- Table structure for table `team_user`
--

DROP TABLE IF EXISTS `team_user`;
/*!40101 SET @saved_cs_client     = @@character_set_client */;
/*!40101 SET character_set_client = utf8mb4 */;
CREATE TABLE `team_user` (
  `id` bigint(20) NOT NULL AUTO_INCREMENT,
  `team_id` varchar(17) CHARACTER SET utf8mb4 COLLATE utf8mb4_unicode_ci DEFAULT NULL,
  `user_id` varchar(17) CHARACTER SET utf8mb4 COLLATE utf8mb4_unicode_ci DEFAULT NULL,
  `role` varchar(100) CHARACTER SET utf8mb4 COLLATE utf8mb4_unicode_ci DEFAULT NULL,
  `deleted` tinyint(1) DEFAULT 0,
  PRIMARY KEY (`id`),
  UNIQUE KEY `UNIQ_TEAM_ID_USER_ID` (`team_id`,`user_id`),
  KEY `IDX_TEAM_ID` (`team_id`),
  KEY `IDX_USER_ID` (`user_id`)
) ENGINE=InnoDB AUTO_INCREMENT=5 DEFAULT CHARSET=utf8mb3 COLLATE=utf8mb3_unicode_ci;
/*!40101 SET character_set_client = @saved_cs_client */;

--
-- Dumping data for table `team_user`
--

LOCK TABLES `team_user` WRITE;
/*!40000 ALTER TABLE `team_user` DISABLE KEYS */;
INSERT INTO `team_user` VALUES (1,'690e95fda4ac390bf','691066a2644b61387','Системный администратор',0),(2,'690e9683e2d1f7685','69106768ee5b36116','Менеджер по продажам',0),(3,'690e964b5cf84e7c3','69109d84ba6be07a2','Маркетолог',0),(4,'690e96dd0e8ec4c83','69109f13baccf86a0','Продавец-консультант',0);
/*!40000 ALTER TABLE `team_user` ENABLE KEYS */;
UNLOCK TABLES;

--
-- Table structure for table `template`
--

DROP TABLE IF EXISTS `template`;
/*!40101 SET @saved_cs_client     = @@character_set_client */;
/*!40101 SET character_set_client = utf8mb4 */;
CREATE TABLE `template` (
  `id` varchar(17) CHARACTER SET utf8mb4 COLLATE utf8mb4_unicode_ci NOT NULL,
  `name` varchar(255) CHARACTER SET utf8mb4 COLLATE utf8mb4_unicode_ci DEFAULT NULL,
  `deleted` tinyint(1) DEFAULT 0,
  `body` mediumtext CHARACTER SET utf8mb4 COLLATE utf8mb4_unicode_ci DEFAULT NULL,
  `header` mediumtext CHARACTER SET utf8mb4 COLLATE utf8mb4_unicode_ci DEFAULT NULL,
  `footer` mediumtext CHARACTER SET utf8mb4 COLLATE utf8mb4_unicode_ci DEFAULT NULL,
  `entity_type` varchar(255) CHARACTER SET utf8mb4 COLLATE utf8mb4_unicode_ci DEFAULT NULL,
  `status` varchar(8) CHARACTER SET utf8mb4 COLLATE utf8mb4_unicode_ci DEFAULT 'Active',
  `left_margin` double DEFAULT 10,
  `right_margin` double DEFAULT 10,
  `top_margin` double DEFAULT 10,
  `bottom_margin` double DEFAULT 20,
  `print_footer` tinyint(1) NOT NULL DEFAULT 0,
  `print_header` tinyint(1) NOT NULL DEFAULT 0,
  `footer_position` double DEFAULT 10,
  `header_position` double DEFAULT 0,
  `style` mediumtext CHARACTER SET utf8mb4 COLLATE utf8mb4_unicode_ci DEFAULT NULL,
  `created_at` datetime DEFAULT NULL,
  `modified_at` datetime DEFAULT NULL,
  `page_orientation` varchar(255) CHARACTER SET utf8mb4 COLLATE utf8mb4_unicode_ci DEFAULT 'Portrait',
  `page_format` varchar(255) CHARACTER SET utf8mb4 COLLATE utf8mb4_unicode_ci DEFAULT 'A4',
  `page_width` double DEFAULT NULL,
  `page_height` double DEFAULT NULL,
  `font_face` varchar(255) CHARACTER SET utf8mb4 COLLATE utf8mb4_unicode_ci DEFAULT NULL,
  `title` varchar(255) CHARACTER SET utf8mb4 COLLATE utf8mb4_unicode_ci DEFAULT NULL,
  `created_by_id` varchar(17) CHARACTER SET utf8mb4 COLLATE utf8mb4_unicode_ci DEFAULT NULL,
  `modified_by_id` varchar(17) CHARACTER SET utf8mb4 COLLATE utf8mb4_unicode_ci DEFAULT NULL,
  `version_number` bigint(20) DEFAULT NULL,
  PRIMARY KEY (`id`),
  KEY `IDX_CREATED_BY_ID` (`created_by_id`),
  KEY `IDX_MODIFIED_BY_ID` (`modified_by_id`)
) ENGINE=InnoDB DEFAULT CHARSET=utf8mb3 COLLATE=utf8mb3_unicode_ci;
/*!40101 SET character_set_client = @saved_cs_client */;

--
-- Dumping data for table `template`
--

LOCK TABLES `template` WRITE;
/*!40000 ALTER TABLE `template` DISABLE KEYS */;
/*!40000 ALTER TABLE `template` ENABLE KEYS */;
UNLOCK TABLES;

--
-- Table structure for table `two_factor_code`
--

DROP TABLE IF EXISTS `two_factor_code`;
/*!40101 SET @saved_cs_client     = @@character_set_client */;
/*!40101 SET character_set_client = utf8mb4 */;
CREATE TABLE `two_factor_code` (
  `id` varchar(17) CHARACTER SET utf8mb4 COLLATE utf8mb4_unicode_ci NOT NULL,
  `deleted` tinyint(1) DEFAULT 0,
  `code` varchar(100) CHARACTER SET utf8mb4 COLLATE utf8mb4_unicode_ci DEFAULT NULL,
  `method` varchar(100) CHARACTER SET utf8mb4 COLLATE utf8mb4_unicode_ci DEFAULT NULL,
  `attempts_left` int(11) DEFAULT NULL,
  `is_active` tinyint(1) NOT NULL DEFAULT 1,
  `created_at` datetime DEFAULT NULL,
  `user_id` varchar(17) CHARACTER SET utf8mb4 COLLATE utf8mb4_unicode_ci DEFAULT NULL,
  PRIMARY KEY (`id`),
  KEY `IDX_CREATED_AT` (`created_at`),
  KEY `IDX_USER_ID_METHOD` (`user_id`,`method`),
  KEY `IDX_USER_ID_METHOD_IS_ACTIVE` (`user_id`,`method`,`is_active`),
  KEY `IDX_USER_ID_METHOD_CREATED_AT` (`user_id`,`method`,`created_at`),
  KEY `IDX_USER_ID` (`user_id`)
) ENGINE=InnoDB DEFAULT CHARSET=utf8mb3 COLLATE=utf8mb3_unicode_ci;
/*!40101 SET character_set_client = @saved_cs_client */;

--
-- Dumping data for table `two_factor_code`
--

LOCK TABLES `two_factor_code` WRITE;
/*!40000 ALTER TABLE `two_factor_code` DISABLE KEYS */;
/*!40000 ALTER TABLE `two_factor_code` ENABLE KEYS */;
UNLOCK TABLES;

--
-- Table structure for table `unique_id`
--

DROP TABLE IF EXISTS `unique_id`;
/*!40101 SET @saved_cs_client     = @@character_set_client */;
/*!40101 SET character_set_client = utf8mb4 */;
CREATE TABLE `unique_id` (
  `id` varchar(17) CHARACTER SET utf8mb4 COLLATE utf8mb4_unicode_ci NOT NULL,
  `name` varchar(255) CHARACTER SET utf8mb4 COLLATE utf8mb4_unicode_ci DEFAULT NULL,
  `deleted` tinyint(1) DEFAULT 0,
  `data` mediumtext CHARACTER SET utf8mb4 COLLATE utf8mb4_unicode_ci DEFAULT NULL,
  `created_at` datetime DEFAULT NULL,
  `terminate_at` datetime DEFAULT NULL,
  `created_by_id` varchar(17) CHARACTER SET utf8mb4 COLLATE utf8mb4_unicode_ci DEFAULT NULL,
  `target_id` varchar(17) CHARACTER SET utf8mb4 COLLATE utf8mb4_unicode_ci DEFAULT NULL,
  `target_type` varchar(100) CHARACTER SET utf8mb4 COLLATE utf8mb4_unicode_ci DEFAULT NULL,
  PRIMARY KEY (`id`),
  KEY `IDX_NAME` (`name`),
  KEY `IDX_CREATED_BY_ID` (`created_by_id`),
  KEY `IDX_TARGET` (`target_id`,`target_type`)
) ENGINE=InnoDB DEFAULT CHARSET=utf8mb3 COLLATE=utf8mb3_unicode_ci;
/*!40101 SET character_set_client = @saved_cs_client */;

--
-- Dumping data for table `unique_id`
--

LOCK TABLES `unique_id` WRITE;
/*!40000 ALTER TABLE `unique_id` DISABLE KEYS */;
/*!40000 ALTER TABLE `unique_id` ENABLE KEYS */;
UNLOCK TABLES;

--
-- Table structure for table `user`
--

DROP TABLE IF EXISTS `user`;
/*!40101 SET @saved_cs_client     = @@character_set_client */;
/*!40101 SET character_set_client = utf8mb4 */;
CREATE TABLE `user` (
  `id` varchar(17) CHARACTER SET utf8mb4 COLLATE utf8mb4_unicode_ci NOT NULL,
  `deleted` tinyint(1) DEFAULT 0,
  `user_name` varchar(50) CHARACTER SET utf8mb4 COLLATE utf8mb4_unicode_ci DEFAULT NULL,
  `type` varchar(24) CHARACTER SET utf8mb4 COLLATE utf8mb4_unicode_ci DEFAULT 'regular',
  `password` varchar(150) CHARACTER SET utf8mb4 COLLATE utf8mb4_unicode_ci DEFAULT NULL,
  `auth_method` varchar(24) CHARACTER SET utf8mb4 COLLATE utf8mb4_unicode_ci DEFAULT NULL,
  `api_key` varchar(100) CHARACTER SET utf8mb4 COLLATE utf8mb4_unicode_ci DEFAULT NULL,
  `salutation_name` varchar(255) CHARACTER SET utf8mb4 COLLATE utf8mb4_unicode_ci DEFAULT NULL,
  `first_name` varchar(100) CHARACTER SET utf8mb4 COLLATE utf8mb4_unicode_ci DEFAULT NULL,
  `last_name` varchar(100) CHARACTER SET utf8mb4 COLLATE utf8mb4_unicode_ci DEFAULT NULL,
  `is_active` tinyint(1) NOT NULL DEFAULT 1,
  `title` varchar(100) CHARACTER SET utf8mb4 COLLATE utf8mb4_unicode_ci DEFAULT NULL,
  `avatar_color` varchar(7) CHARACTER SET utf8mb4 COLLATE utf8mb4_unicode_ci DEFAULT NULL,
  `gender` varchar(255) CHARACTER SET utf8mb4 COLLATE utf8mb4_unicode_ci DEFAULT NULL,
  `created_at` datetime DEFAULT NULL,
  `modified_at` datetime DEFAULT NULL,
  `middle_name` varchar(100) CHARACTER SET utf8mb4 COLLATE utf8mb4_unicode_ci DEFAULT NULL,
  `delete_id` varchar(17) CHARACTER SET utf8mb4 COLLATE utf8mb4_unicode_ci NOT NULL DEFAULT '0',
  `default_team_id` varchar(17) CHARACTER SET utf8mb4 COLLATE utf8mb4_unicode_ci DEFAULT NULL,
  `contact_id` varchar(17) CHARACTER SET utf8mb4 COLLATE utf8mb4_unicode_ci DEFAULT NULL,
  `avatar_id` varchar(17) CHARACTER SET utf8mb4 COLLATE utf8mb4_unicode_ci DEFAULT NULL,
  `created_by_id` varchar(17) CHARACTER SET utf8mb4 COLLATE utf8mb4_unicode_ci DEFAULT NULL,
  `dashboard_template_id` varchar(17) CHARACTER SET utf8mb4 COLLATE utf8mb4_unicode_ci DEFAULT NULL,
  `working_time_calendar_id` varchar(17) CHARACTER SET utf8mb4 COLLATE utf8mb4_unicode_ci DEFAULT NULL,
  `layout_set_id` varchar(17) CHARACTER SET utf8mb4 COLLATE utf8mb4_unicode_ci DEFAULT NULL,
  PRIMARY KEY (`id`),
  UNIQUE KEY `UNIQ_USER_NAME_DELETE_ID` (`user_name`,`delete_id`),
  KEY `IDX_USER_NAME` (`user_name`),
  KEY `IDX_TYPE` (`type`),
  KEY `IDX_DEFAULT_TEAM_ID` (`default_team_id`),
  KEY `IDX_CONTACT_ID` (`contact_id`),
  KEY `IDX_CREATED_BY_ID` (`created_by_id`),
  KEY `IDX_DASHBOARD_TEMPLATE_ID` (`dashboard_template_id`),
  KEY `IDX_WORKING_TIME_CALENDAR_ID` (`working_time_calendar_id`),
  KEY `IDX_LAYOUT_SET_ID` (`layout_set_id`)
) ENGINE=InnoDB DEFAULT CHARSET=utf8mb3 COLLATE=utf8mb3_unicode_ci;
/*!40101 SET character_set_client = @saved_cs_client */;

--
-- Dumping data for table `user`
--

LOCK TABLES `user` WRITE;
/*!40000 ALTER TABLE `user` DISABLE KEYS */;
INSERT INTO `user` VALUES ('690e8c7de7e0ba20e',0,'admin','admin','$2y$10$IEAv/6E5o1US57ahPZXeLOmGKNvoZ8xZbxGhAHp37W2pT..SKq./W',NULL,NULL,NULL,NULL,'Admin',1,NULL,NULL,NULL,'2025-11-08 00:19:09','2025-11-08 00:19:09',NULL,'0',NULL,NULL,NULL,'system',NULL,NULL,NULL),('691066a2644b61387',0,'crm_admin','admin','$2y$10$jbnjoH2iToWBDTOBDofPWOGI/LzTttXaS0/Nxh20wC3E9JDYLDVZq',NULL,NULL,'Mrs.','Вероника','Латышко',1,'Администратор',NULL,'Female','2025-11-09 10:02:10','2025-11-09 10:02:10',NULL,'0','690e95fda4ac390bf',NULL,NULL,'690e8c7de7e0ba20e',NULL,NULL,NULL),('69106768ee5b36116',0,'manager_sales','regular','$2y$10$h3wYHdXhi9JtyqhYAKok2uAMjTjAiwdbUSdMsp/ahs.ApQFA9XR7i',NULL,NULL,'Dr.','Тимур','Виленович',1,'Менеджер по продажам',NULL,'Neutral','2025-11-09 10:05:28','2025-11-09 13:46:00',NULL,'0','690e9683e2d1f7685',NULL,NULL,'690e8c7de7e0ba20e',NULL,NULL,NULL),('69109d84ba6be07a2',0,'marketing_user','regular','$2y$10$GgeCtscC.1Z.oBOKRKoYheObmVM7vRKV2jfowG.e2BiAsHEmiBGMq',NULL,NULL,'Mrs.','София','Меликджанян',1,'Маркетолог',NULL,'Female','2025-11-09 13:56:20','2025-11-09 13:56:20',NULL,'0','690e964b5cf84e7c3',NULL,NULL,'690e8c7de7e0ba20e',NULL,NULL,NULL),('69109f13baccf86a0',0,'sale_user','regular','$2y$10$vHHKXDKep88C8CIBepniRebF.DTgj7QrjGvXR5SYlsDIv6oToSz9q',NULL,NULL,NULL,'Александр','Печул',1,'Продавец',NULL,'Male','2025-11-09 14:02:59','2025-11-09 14:02:59',NULL,'0','690e96dd0e8ec4c83',NULL,NULL,'690e8c7de7e0ba20e',NULL,NULL,NULL),('system',0,'system','system',NULL,NULL,NULL,NULL,NULL,'System',1,NULL,NULL,NULL,'2025-11-08 00:18:43','2025-11-08 00:18:43',NULL,'0',NULL,NULL,NULL,NULL,NULL,NULL,NULL);
/*!40000 ALTER TABLE `user` ENABLE KEYS */;
UNLOCK TABLES;

--
-- Table structure for table `user_data`
--

DROP TABLE IF EXISTS `user_data`;
/*!40101 SET @saved_cs_client     = @@character_set_client */;
/*!40101 SET character_set_client = utf8mb4 */;
CREATE TABLE `user_data` (
  `id` varchar(17) CHARACTER SET utf8mb4 COLLATE utf8mb4_unicode_ci NOT NULL,
  `deleted` tinyint(1) DEFAULT 0,
  `auth2_f_a` tinyint(1) NOT NULL DEFAULT 0,
  `auth2_f_a_method` varchar(255) CHARACTER SET utf8mb4 COLLATE utf8mb4_unicode_ci DEFAULT NULL,
  `auth2_f_a_totp_secret` varchar(32) CHARACTER SET utf8mb4 COLLATE utf8mb4_unicode_ci DEFAULT NULL,
  `auth2_f_a_email_address` varchar(255) CHARACTER SET utf8mb4 COLLATE utf8mb4_unicode_ci DEFAULT NULL,
  `user_id` varchar(17) CHARACTER SET utf8mb4 COLLATE utf8mb4_unicode_ci DEFAULT NULL,
  PRIMARY KEY (`id`),
  KEY `IDX_USER_ID` (`user_id`)
) ENGINE=InnoDB DEFAULT CHARSET=utf8mb3 COLLATE=utf8mb3_unicode_ci;
/*!40101 SET character_set_client = @saved_cs_client */;

--
-- Dumping data for table `user_data`
--

LOCK TABLES `user_data` WRITE;
/*!40000 ALTER TABLE `user_data` DISABLE KEYS */;
/*!40000 ALTER TABLE `user_data` ENABLE KEYS */;
UNLOCK TABLES;

--
-- Table structure for table `user_reaction`
--

DROP TABLE IF EXISTS `user_reaction`;
/*!40101 SET @saved_cs_client     = @@character_set_client */;
/*!40101 SET character_set_client = utf8mb4 */;
CREATE TABLE `user_reaction` (
  `id` varchar(17) CHARACTER SET utf8mb4 COLLATE utf8mb4_unicode_ci NOT NULL,
  `type` varchar(10) CHARACTER SET utf8mb4 COLLATE utf8mb4_unicode_ci DEFAULT NULL,
  `created_at` datetime DEFAULT NULL,
  `user_id` varchar(17) CHARACTER SET utf8mb4 COLLATE utf8mb4_unicode_ci DEFAULT NULL,
  `parent_id` varchar(17) CHARACTER SET utf8mb4 COLLATE utf8mb4_unicode_ci DEFAULT NULL,
  `parent_type` varchar(100) CHARACTER SET utf8mb4 COLLATE utf8mb4_unicode_ci DEFAULT NULL,
  PRIMARY KEY (`id`),
  UNIQUE KEY `UNIQ_PARENT_USER_TYPE` (`parent_id`,`parent_type`,`user_id`,`type`),
  KEY `IDX_USER_ID` (`user_id`),
  KEY `IDX_PARENT` (`parent_id`,`parent_type`)
) ENGINE=InnoDB DEFAULT CHARSET=utf8mb3 COLLATE=utf8mb3_unicode_ci;
/*!40101 SET character_set_client = @saved_cs_client */;

--
-- Dumping data for table `user_reaction`
--

LOCK TABLES `user_reaction` WRITE;
/*!40000 ALTER TABLE `user_reaction` DISABLE KEYS */;
/*!40000 ALTER TABLE `user_reaction` ENABLE KEYS */;
UNLOCK TABLES;

--
-- Table structure for table `user_working_time_range`
--

DROP TABLE IF EXISTS `user_working_time_range`;
/*!40101 SET @saved_cs_client     = @@character_set_client */;
/*!40101 SET character_set_client = utf8mb4 */;
CREATE TABLE `user_working_time_range` (
  `id` bigint(20) NOT NULL AUTO_INCREMENT,
  `user_id` varchar(17) CHARACTER SET utf8mb4 COLLATE utf8mb4_unicode_ci DEFAULT NULL,
  `working_time_range_id` varchar(17) CHARACTER SET utf8mb4 COLLATE utf8mb4_unicode_ci DEFAULT NULL,
  `deleted` tinyint(1) DEFAULT 0,
  PRIMARY KEY (`id`),
  UNIQUE KEY `UNIQ_USER_ID_WORKING_TIME_RANGE_ID` (`user_id`,`working_time_range_id`),
  KEY `IDX_USER_ID` (`user_id`),
  KEY `IDX_WORKING_TIME_RANGE_ID` (`working_time_range_id`)
) ENGINE=InnoDB DEFAULT CHARSET=utf8mb3 COLLATE=utf8mb3_unicode_ci;
/*!40101 SET character_set_client = @saved_cs_client */;

--
-- Dumping data for table `user_working_time_range`
--

LOCK TABLES `user_working_time_range` WRITE;
/*!40000 ALTER TABLE `user_working_time_range` DISABLE KEYS */;
/*!40000 ALTER TABLE `user_working_time_range` ENABLE KEYS */;
UNLOCK TABLES;

--
-- Table structure for table `webhook`
--

DROP TABLE IF EXISTS `webhook`;
/*!40101 SET @saved_cs_client     = @@character_set_client */;
/*!40101 SET character_set_client = utf8mb4 */;
CREATE TABLE `webhook` (
  `id` varchar(17) CHARACTER SET utf8mb4 COLLATE utf8mb4_unicode_ci NOT NULL,
  `deleted` tinyint(1) DEFAULT 0,
  `event` varchar(100) CHARACTER SET utf8mb4 COLLATE utf8mb4_unicode_ci DEFAULT NULL,
  `url` varchar(512) CHARACTER SET utf8mb4 COLLATE utf8mb4_unicode_ci DEFAULT NULL,
  `is_active` tinyint(1) NOT NULL DEFAULT 1,
  `entity_type` varchar(255) CHARACTER SET utf8mb4 COLLATE utf8mb4_unicode_ci DEFAULT NULL,
  `type` varchar(255) CHARACTER SET utf8mb4 COLLATE utf8mb4_unicode_ci DEFAULT NULL,
  `field` varchar(255) CHARACTER SET utf8mb4 COLLATE utf8mb4_unicode_ci DEFAULT NULL,
  `secret_key` varchar(100) CHARACTER SET utf8mb4 COLLATE utf8mb4_unicode_ci DEFAULT NULL,
  `skip_own` tinyint(1) NOT NULL DEFAULT 0,
  `created_at` datetime DEFAULT NULL,
  `modified_at` datetime DEFAULT NULL,
  `user_id` varchar(17) CHARACTER SET utf8mb4 COLLATE utf8mb4_unicode_ci DEFAULT NULL,
  `created_by_id` varchar(17) CHARACTER SET utf8mb4 COLLATE utf8mb4_unicode_ci DEFAULT NULL,
  `modified_by_id` varchar(17) CHARACTER SET utf8mb4 COLLATE utf8mb4_unicode_ci DEFAULT NULL,
  PRIMARY KEY (`id`),
  KEY `IDX_EVENT` (`event`),
  KEY `IDX_ENTITY_TYPE_TYPE` (`entity_type`,`type`),
  KEY `IDX_ENTITY_TYPE_FIELD` (`entity_type`,`field`),
  KEY `IDX_USER_ID` (`user_id`),
  KEY `IDX_CREATED_BY_ID` (`created_by_id`),
  KEY `IDX_MODIFIED_BY_ID` (`modified_by_id`)
) ENGINE=InnoDB DEFAULT CHARSET=utf8mb3 COLLATE=utf8mb3_unicode_ci;
/*!40101 SET character_set_client = @saved_cs_client */;

--
-- Dumping data for table `webhook`
--

LOCK TABLES `webhook` WRITE;
/*!40000 ALTER TABLE `webhook` DISABLE KEYS */;
/*!40000 ALTER TABLE `webhook` ENABLE KEYS */;
UNLOCK TABLES;

--
-- Table structure for table `webhook_event_queue_item`
--

DROP TABLE IF EXISTS `webhook_event_queue_item`;
/*!40101 SET @saved_cs_client     = @@character_set_client */;
/*!40101 SET character_set_client = utf8mb4 */;
CREATE TABLE `webhook_event_queue_item` (
  `id` varchar(17) CHARACTER SET utf8mb4 COLLATE utf8mb4_unicode_ci NOT NULL,
  `deleted` tinyint(1) DEFAULT 0,
  `number` bigint(20) unsigned NOT NULL AUTO_INCREMENT,
  `event` varchar(100) CHARACTER SET utf8mb4 COLLATE utf8mb4_unicode_ci DEFAULT NULL,
  `data` mediumtext CHARACTER SET utf8mb4 COLLATE utf8mb4_unicode_ci DEFAULT NULL,
  `created_at` datetime DEFAULT NULL,
  `is_processed` tinyint(1) NOT NULL DEFAULT 0,
  `target_id` varchar(17) CHARACTER SET utf8mb4 COLLATE utf8mb4_unicode_ci DEFAULT NULL,
  `target_type` varchar(100) CHARACTER SET utf8mb4 COLLATE utf8mb4_unicode_ci DEFAULT NULL,
  `user_id` varchar(17) CHARACTER SET utf8mb4 COLLATE utf8mb4_unicode_ci DEFAULT NULL,
  PRIMARY KEY (`id`),
  UNIQUE KEY `UNIQ_NUMBER` (`number`),
  KEY `IDX_TARGET` (`target_id`,`target_type`),
  KEY `IDX_USER_ID` (`user_id`)
) ENGINE=InnoDB DEFAULT CHARSET=utf8mb3 COLLATE=utf8mb3_unicode_ci;
/*!40101 SET character_set_client = @saved_cs_client */;

--
-- Dumping data for table `webhook_event_queue_item`
--

LOCK TABLES `webhook_event_queue_item` WRITE;
/*!40000 ALTER TABLE `webhook_event_queue_item` DISABLE KEYS */;
/*!40000 ALTER TABLE `webhook_event_queue_item` ENABLE KEYS */;
UNLOCK TABLES;

--
-- Table structure for table `webhook_queue_item`
--

DROP TABLE IF EXISTS `webhook_queue_item`;
/*!40101 SET @saved_cs_client     = @@character_set_client */;
/*!40101 SET character_set_client = utf8mb4 */;
CREATE TABLE `webhook_queue_item` (
  `id` varchar(17) CHARACTER SET utf8mb4 COLLATE utf8mb4_unicode_ci NOT NULL,
  `deleted` tinyint(1) DEFAULT 0,
  `number` bigint(20) unsigned NOT NULL AUTO_INCREMENT,
  `event` varchar(100) CHARACTER SET utf8mb4 COLLATE utf8mb4_unicode_ci DEFAULT NULL,
  `data` mediumtext CHARACTER SET utf8mb4 COLLATE utf8mb4_unicode_ci DEFAULT NULL,
  `created_at` datetime DEFAULT NULL,
  `status` varchar(7) CHARACTER SET utf8mb4 COLLATE utf8mb4_unicode_ci DEFAULT 'Pending',
  `processed_at` datetime DEFAULT NULL,
  `attempts` int(11) DEFAULT 0,
  `process_at` datetime DEFAULT NULL,
  `webhook_id` varchar(17) CHARACTER SET utf8mb4 COLLATE utf8mb4_unicode_ci DEFAULT NULL,
  `target_id` varchar(17) CHARACTER SET utf8mb4 COLLATE utf8mb4_unicode_ci DEFAULT NULL,
  `target_type` varchar(100) CHARACTER SET utf8mb4 COLLATE utf8mb4_unicode_ci DEFAULT NULL,
  PRIMARY KEY (`id`),
  UNIQUE KEY `UNIQ_NUMBER` (`number`),
  KEY `IDX_WEBHOOK_ID` (`webhook_id`),
  KEY `IDX_TARGET` (`target_id`,`target_type`)
) ENGINE=InnoDB DEFAULT CHARSET=utf8mb3 COLLATE=utf8mb3_unicode_ci;
/*!40101 SET character_set_client = @saved_cs_client */;

--
-- Dumping data for table `webhook_queue_item`
--

LOCK TABLES `webhook_queue_item` WRITE;
/*!40000 ALTER TABLE `webhook_queue_item` DISABLE KEYS */;
/*!40000 ALTER TABLE `webhook_queue_item` ENABLE KEYS */;
UNLOCK TABLES;

--
-- Table structure for table `working_time_calendar`
--

DROP TABLE IF EXISTS `working_time_calendar`;
/*!40101 SET @saved_cs_client     = @@character_set_client */;
/*!40101 SET character_set_client = utf8mb4 */;
CREATE TABLE `working_time_calendar` (
  `id` varchar(17) CHARACTER SET utf8mb4 COLLATE utf8mb4_unicode_ci NOT NULL,
  `name` varchar(255) CHARACTER SET utf8mb4 COLLATE utf8mb4_unicode_ci DEFAULT NULL,
  `deleted` tinyint(1) DEFAULT 0,
  `description` mediumtext CHARACTER SET utf8mb4 COLLATE utf8mb4_unicode_ci DEFAULT NULL,
  `time_zone` varchar(255) CHARACTER SET utf8mb4 COLLATE utf8mb4_unicode_ci DEFAULT NULL,
  `time_ranges` mediumtext CHARACTER SET utf8mb4 COLLATE utf8mb4_unicode_ci DEFAULT '[["9:00","17:00"]]',
  `weekday0` tinyint(1) NOT NULL DEFAULT 0,
  `weekday1` tinyint(1) NOT NULL DEFAULT 1,
  `weekday2` tinyint(1) NOT NULL DEFAULT 1,
  `weekday3` tinyint(1) NOT NULL DEFAULT 1,
  `weekday4` tinyint(1) NOT NULL DEFAULT 1,
  `weekday5` tinyint(1) NOT NULL DEFAULT 1,
  `weekday6` tinyint(1) NOT NULL DEFAULT 0,
  `weekday0_time_ranges` mediumtext CHARACTER SET utf8mb4 COLLATE utf8mb4_unicode_ci DEFAULT NULL,
  `weekday1_time_ranges` mediumtext CHARACTER SET utf8mb4 COLLATE utf8mb4_unicode_ci DEFAULT NULL,
  `weekday2_time_ranges` mediumtext CHARACTER SET utf8mb4 COLLATE utf8mb4_unicode_ci DEFAULT NULL,
  `weekday3_time_ranges` mediumtext CHARACTER SET utf8mb4 COLLATE utf8mb4_unicode_ci DEFAULT NULL,
  `weekday4_time_ranges` mediumtext CHARACTER SET utf8mb4 COLLATE utf8mb4_unicode_ci DEFAULT NULL,
  `weekday5_time_ranges` mediumtext CHARACTER SET utf8mb4 COLLATE utf8mb4_unicode_ci DEFAULT NULL,
  `weekday6_time_ranges` mediumtext CHARACTER SET utf8mb4 COLLATE utf8mb4_unicode_ci DEFAULT NULL,
  `created_at` datetime DEFAULT NULL,
  `modified_at` datetime DEFAULT NULL,
  `created_by_id` varchar(17) CHARACTER SET utf8mb4 COLLATE utf8mb4_unicode_ci DEFAULT NULL,
  `modified_by_id` varchar(17) CHARACTER SET utf8mb4 COLLATE utf8mb4_unicode_ci DEFAULT NULL,
  PRIMARY KEY (`id`),
  KEY `IDX_CREATED_BY_ID` (`created_by_id`),
  KEY `IDX_MODIFIED_BY_ID` (`modified_by_id`)
) ENGINE=InnoDB DEFAULT CHARSET=utf8mb3 COLLATE=utf8mb3_unicode_ci;
/*!40101 SET character_set_client = @saved_cs_client */;

--
-- Dumping data for table `working_time_calendar`
--

LOCK TABLES `working_time_calendar` WRITE;
/*!40000 ALTER TABLE `working_time_calendar` DISABLE KEYS */;
/*!40000 ALTER TABLE `working_time_calendar` ENABLE KEYS */;
UNLOCK TABLES;

--
-- Table structure for table `working_time_calendar_working_time_range`
--

DROP TABLE IF EXISTS `working_time_calendar_working_time_range`;
/*!40101 SET @saved_cs_client     = @@character_set_client */;
/*!40101 SET character_set_client = utf8mb4 */;
CREATE TABLE `working_time_calendar_working_time_range` (
  `id` bigint(20) NOT NULL AUTO_INCREMENT,
  `working_time_calendar_id` varchar(17) CHARACTER SET utf8mb4 COLLATE utf8mb4_unicode_ci DEFAULT NULL,
  `working_time_range_id` varchar(17) CHARACTER SET utf8mb4 COLLATE utf8mb4_unicode_ci DEFAULT NULL,
  `deleted` tinyint(1) DEFAULT 0,
  PRIMARY KEY (`id`),
  UNIQUE KEY `UNIQ_WORKING_TIME_CALENDAR_ID_WORKING_TIME_RANGE_ID` (`working_time_calendar_id`,`working_time_range_id`),
  KEY `IDX_WORKING_TIME_CALENDAR_ID` (`working_time_calendar_id`),
  KEY `IDX_WORKING_TIME_RANGE_ID` (`working_time_range_id`)
) ENGINE=InnoDB DEFAULT CHARSET=utf8mb3 COLLATE=utf8mb3_unicode_ci;
/*!40101 SET character_set_client = @saved_cs_client */;

--
-- Dumping data for table `working_time_calendar_working_time_range`
--

LOCK TABLES `working_time_calendar_working_time_range` WRITE;
/*!40000 ALTER TABLE `working_time_calendar_working_time_range` DISABLE KEYS */;
/*!40000 ALTER TABLE `working_time_calendar_working_time_range` ENABLE KEYS */;
UNLOCK TABLES;

--
-- Table structure for table `working_time_range`
--

DROP TABLE IF EXISTS `working_time_range`;
/*!40101 SET @saved_cs_client     = @@character_set_client */;
/*!40101 SET character_set_client = utf8mb4 */;
CREATE TABLE `working_time_range` (
  `id` varchar(17) CHARACTER SET utf8mb4 COLLATE utf8mb4_unicode_ci NOT NULL,
  `name` varchar(255) CHARACTER SET utf8mb4 COLLATE utf8mb4_unicode_ci DEFAULT NULL,
  `deleted` tinyint(1) DEFAULT 0,
  `time_ranges` mediumtext CHARACTER SET utf8mb4 COLLATE utf8mb4_unicode_ci DEFAULT NULL,
  `date_start` date DEFAULT NULL,
  `date_end` date DEFAULT NULL,
  `type` varchar(11) CHARACTER SET utf8mb4 COLLATE utf8mb4_unicode_ci DEFAULT 'Non-working',
  `description` mediumtext CHARACTER SET utf8mb4 COLLATE utf8mb4_unicode_ci DEFAULT NULL,
  `created_at` datetime DEFAULT NULL,
  `modified_at` datetime DEFAULT NULL,
  `created_by_id` varchar(17) CHARACTER SET utf8mb4 COLLATE utf8mb4_unicode_ci DEFAULT NULL,
  `modified_by_id` varchar(17) CHARACTER SET utf8mb4 COLLATE utf8mb4_unicode_ci DEFAULT NULL,
  PRIMARY KEY (`id`),
  KEY `IDX_TYPE_RANGE` (`type`,`date_start`,`date_end`),
  KEY `IDX_TYPE` (`type`),
  KEY `IDX_CREATED_BY_ID` (`created_by_id`),
  KEY `IDX_MODIFIED_BY_ID` (`modified_by_id`)
) ENGINE=InnoDB DEFAULT CHARSET=utf8mb3 COLLATE=utf8mb3_unicode_ci;
/*!40101 SET character_set_client = @saved_cs_client */;

--
-- Dumping data for table `working_time_range`
--

LOCK TABLES `working_time_range` WRITE;
/*!40000 ALTER TABLE `working_time_range` DISABLE KEYS */;
/*!40000 ALTER TABLE `working_time_range` ENABLE KEYS */;
UNLOCK TABLES;
/*!40103 SET TIME_ZONE=@OLD_TIME_ZONE */;

/*!40101 SET SQL_MODE=@OLD_SQL_MODE */;
/*!40014 SET FOREIGN_KEY_CHECKS=@OLD_FOREIGN_KEY_CHECKS */;
/*!40014 SET UNIQUE_CHECKS=@OLD_UNIQUE_CHECKS */;
/*!40101 SET CHARACTER_SET_CLIENT=@OLD_CHARACTER_SET_CLIENT */;
/*!40101 SET CHARACTER_SET_RESULTS=@OLD_CHARACTER_SET_RESULTS */;
/*!40101 SET COLLATION_CONNECTION=@OLD_COLLATION_CONNECTION */;
/*!40111 SET SQL_NOTES=@OLD_SQL_NOTES */;

-- Dump completed on 2025-11-09 15:23:25
